Time (s),Voltage_V1 (V),Current_I1 (A),BMS_Signal
0.0,4.0,5.4,1
1.0,3.999999926953981,5.4,1
2.0,3.999999707815924,5.4,1
3.0,3.999999342585829,5.4,1
4.0,3.9999988312636963,5.4,1
5.0,3.999998173849525,5.4,1
6.0,3.9999973703433165,5.4,1
7.0,3.9999964207450693,5.4,1
8.0,3.9999953250547846,5.4,1
9.0,3.999994083272462,5.4,1
10.0,3.9999926953981007,5.4,1
11.0,3.999991161431702,5.4,1
12.0,3.999989481373265,5.4,1
13.0,3.99998765522279,5.4,1
14.0,3.999985682980278,5.4,1
15.0,3.999983564645727,5.4,1
16.0,3.999981300219138,5.4,1
17.0,3.9999788897005115,5.4,1
18.0,3.9999763330898466,5.4,1
19.0,3.999973630387144,5.4,1
20.0,3.999970781592403,5.4,1
21.0,3.9999677867056245,5.4,1
22.0,3.999964645726808,5.4,1
23.0,3.9999613586559533,5.4,1
24.0,3.9999579254930606,5.4,1
25.0,3.99995434623813,5.4,1
26.0,3.9999506208911613,5.4,1
27.0,3.999946749452155,5.4,1
28.0,3.9999427319211103,5.4,1
29.0,3.999938568298028,5.4,1
30.0,3.999934258582907,5.4,1
31.0,3.999929802775749,5.4,1
32.0,3.999925200876552,5.4,1
33.0,3.9999204528853176,5.4,1
34.0,3.999915558802045,5.4,1
35.0,3.9999105186267347,5.4,1
36.0,3.9999053323593863,5.4,1
37.0,3.9999,5.4,1
38.0,3.9998945215485757,5.4,1
39.0,3.999888897005113,5.4,1
40.0,3.999883126369613,5.4,1
41.0,3.9998772096420745,5.4,1
42.0,3.9998711468224983,5.4,1
43.0,3.9998649379108837,5.4,1
44.0,3.9998585829072315,5.4,1
45.0,3.9998520818115413,5.4,1
46.0,3.999845434623813,5.4,1
47.0,3.9998386413440468,5.4,1
48.0,3.9998317019722425,5.4,1
49.0,3.9998246165084,5.4,1
50.0,3.9998173849525203,5.4,1
51.0,3.999810007304602,5.4,1
52.0,3.9998024835646455,5.4,1
53.0,3.9997948137326516,5.4,1
54.0,3.9997869978086196,5.4,1
55.0,3.999779035792549,5.4,1
56.0,3.999770927684441,5.4,1
57.0,3.999762673484295,5.4,1
58.0,3.999754273192111,5.4,1
59.0,3.999745726807889,5.4,1
60.0,3.9997370343316287,5.4,1
61.0,3.999728195763331,5.4,1
62.0,3.999719211102995,5.4,1
63.0,3.9997100803506207,5.4,1
64.0,3.999700803506209,5.4,1
65.0,3.999691380569759,5.4,1
66.0,3.999681811541271,5.4,1
67.0,3.999672096420745,5.4,1
68.0,3.999662235208181,5.4,1
69.0,3.9996522279035793,5.4,1
70.0,3.9996420745069394,5.4,1
71.0,3.9996317750182615,5.4,1
72.0,3.9996213294375456,5.4,1
73.0,3.999610737764792,5.4,1
74.0,3.9996,5.4,1
75.0,3.99958911614317,5.4,1
76.0,3.9995780861943024,5.4,1
77.0,3.999566910153397,5.4,1
78.0,3.9995555880204527,5.4,1
79.0,3.999544119795471,5.4,1
80.0,3.9995325054784514,5.4,1
81.0,3.9995207450693937,5.4,1
82.0,3.999508838568298,5.4,1
83.0,3.9994967859751642,5.4,1
84.0,3.999484587289993,5.4,1
85.0,3.999472242512783,5.4,1
86.0,3.9994597516435353,5.4,1
87.0,3.99944711468225,5.4,1
88.0,3.999434331628926,5.4,1
89.0,3.9994214024835646,5.4,1
90.0,3.999408327246165,5.4,1
91.0,3.9993951059167276,5.4,1
92.0,3.999381738495252,5.4,1
93.0,3.9993682249817386,5.4,1
94.0,3.999354565376187,5.4,1
95.0,3.9993407596785975,5.4,1
96.0,3.99932680788897,5.4,1
97.0,3.9993127100073047,5.4,1
98.0,3.999298466033601,5.4,1
99.0,3.99928407596786,5.4,1
100.0,3.99926953981008,5.4,1
101.0,3.999254857560263,5.4,1
102.0,3.9992400292184076,5.4,1
103.0,3.9992250547845143,5.4,1
104.0,3.999209934258583,5.4,1
105.0,3.9991946676406136,5.4,1
106.0,3.999179254930606,5.4,1
107.0,3.999163696128561,5.4,1
108.0,3.999147991234478,5.4,1
109.0,3.9991321402483564,5.4,1
110.0,3.9991161431701974,5.4,1
111.0,3.9991,5.4,1
112.0,3.999083710737765,5.4,1
113.0,3.9990672753834917,5.4,1
114.0,3.9990506939371806,5.4,1
115.0,3.9990339663988315,5.4,1
116.0,3.9990170927684443,5.4,1
117.0,3.999000073046019,5.4,1
118.0,3.998982907231556,5.4,1
119.0,3.9989655953250547,5.4,1
120.0,3.998948137326516,5.4,1
121.0,3.9989305332359386,5.4,1
122.0,3.9989127830533238,5.4,1
123.0,3.9988948867786704,5.4,1
124.0,3.9988768444119795,5.4,1
125.0,3.9988586559532506,5.4,1
126.0,3.9988403214024837,5.4,1
127.0,3.9988218407596787,5.4,1
128.0,3.9988032140248357,5.4,1
129.0,3.9987844411979547,5.4,1
130.0,3.9987655222790357,5.4,1
131.0,3.998746457268079,5.4,1
132.0,3.998727246165084,5.4,1
133.0,3.998707888970051,5.4,1
134.0,3.9986883856829802,5.4,1
135.0,3.9986687363038715,5.4,1
136.0,3.998648940832725,5.4,1
137.0,3.9986289992695396,5.4,1
138.0,3.998608911614317,5.4,1
139.0,3.998588677867056,5.4,1
140.0,3.9985682980277577,5.4,1
141.0,3.998547772096421,5.4,1
142.0,3.998527100073046,5.4,1
143.0,3.998506281957633,5.4,1
144.0,3.9984853177501827,5.4,1
145.0,3.9984642074506938,5.4,1
146.0,3.9984429510591672,5.4,1
147.0,3.9984215485756027,5.4,1
148.0,3.9984,5.4,1
149.0,3.9983783053323596,5.4,1
150.0,3.9983564645726806,5.4,1
151.0,3.9983344777209644,5.4,1
152.0,3.9983123447772098,5.4,1
153.0,3.998290065741417,5.4,1
154.0,3.9982676406135864,5.4,1
155.0,3.998245069393718,5.4,1
156.0,3.9982223520818114,5.4,1
157.0,3.998199488677867,5.4,1
158.0,3.998176479181885,5.4,1
159.0,3.998153323593864,5.4,1
160.0,3.9981300219138056,5.4,1
161.0,3.9981065741417092,5.4,1
162.0,3.998082980277575,5.4,1
163.0,3.9980592403214024,5.4,1
164.0,3.998035354273192,5.4,1
165.0,3.998011322132944,5.4,1
166.0,3.9979871439006573,5.4,1
167.0,3.9979628195763333,5.4,1
168.0,3.9979383491599707,5.4,1
169.0,3.9979137326515706,5.4,1
170.0,3.9978889700511324,5.4,1
171.0,3.997864061358656,5.4,1
172.0,3.9978390065741416,5.4,1
173.0,3.9978138056975894,5.4,1
174.0,3.997788458728999,5.4,1
175.0,3.997762965668371,5.4,1
176.0,3.997737326515705,5.4,1
177.0,3.9977115412710007,5.4,1
178.0,3.9976856099342584,5.4,1
179.0,3.9976595325054785,5.4,1
180.0,3.9976333089846605,5.4,1
181.0,3.997606939371804,5.4,1
182.0,3.99758042366691,5.4,1
183.0,3.997553761869978,5.4,1
184.0,3.997526953981008,5.4,1
185.0,3.9975,5.4,1
186.0,3.997472899926954,5.4,1
187.0,3.99744565376187,5.4,1
188.0,3.9974182615047478,5.4,1
189.0,3.997390723155588,5.4,1
190.0,3.99736303871439,5.4,1
191.0,3.997335208181154,5.4,1
192.0,3.9973072315558804,5.4,1
193.0,3.997279108838568,5.4,1
194.0,3.9972508400292184,5.4,1
195.0,3.9972224251278305,5.4,1
196.0,3.9971938641344047,5.4,1
197.0,3.997165157048941,5.4,1
198.0,3.997136303871439,5.4,1
199.0,3.997107304601899,5.4,1
200.0,3.9970781592403215,5.4,1
201.0,3.9970488677867055,5.4,1
202.0,3.997019430241052,5.4,1
203.0,3.99698984660336,5.4,1
204.0,3.9969601168736304,5.4,1
205.0,3.996930241051863,5.4,1
206.0,3.996900219138057,5.4,1
207.0,3.9968700511322135,5.4,1
208.0,3.996839737034332,5.4,1
209.0,3.996809276844412,5.4,1
210.0,3.9967786705624544,5.4,1
211.0,3.9967479181884586,5.4,1
212.0,3.9967170197224253,5.4,1
213.0,3.9966859751643535,5.4,1
214.0,3.996654784514244,5.4,1
215.0,3.9966234477720963,5.4,1
216.0,3.996591964937911,5.4,1
217.0,3.9965603360116875,5.4,1
218.0,3.996528560993426,5.4,1
219.0,3.9964966398831265,5.4,1
220.0,3.996464572680789,5.4,1
221.0,3.9964323593864135,5.4,1
222.0,3.9964,5.4,1
223.0,3.9963674945215484,5.4,1
224.0,3.9963348429510592,5.4,1
225.0,3.9963020452885316,5.4,1
226.0,3.9962691015339664,5.4,1
227.0,3.996236011687363,5.4,1
228.0,3.9962027757487215,5.4,1
229.0,3.9961693937180423,5.4,1
230.0,3.996135865595325,5.4,1
231.0,3.9961021913805697,5.4,1
232.0,3.9960683710737763,5.4,1
233.0,3.9960344046749454,5.4,1
234.0,3.996000292184076,5.4,1
235.0,3.9959660336011686,5.4,1
236.0,3.9959316289262237,5.4,1
237.0,3.9958970781592402,5.4,1
238.0,3.995862381300219,5.4,1
239.0,3.99582753834916,5.4,1
240.0,3.9957925493060626,5.4,1
241.0,3.9957574141709276,5.4,1
242.0,3.9957221329437544,5.4,1
243.0,3.9956867056245433,5.4,1
244.0,3.995651132213294,5.4,1
245.0,3.9956154127100074,5.4,1
246.0,3.995579547114682,5.4,1
247.0,3.995543535427319,5.4,1
248.0,3.995507377647918,5.4,1
249.0,3.9954710737764794,5.4,1
250.0,3.995434623813002,5.4,1
251.0,3.995398027757487,5.4,1
252.0,3.9953612856099343,5.4,1
253.0,3.9953243973703434,5.4,1
254.0,3.9952873630387145,5.4,1
255.0,3.9952501826150475,5.4,1
256.0,3.9952128560993425,5.4,1
257.0,3.9951753834915995,5.4,1
258.0,3.995137764791819,5.4,1
259.0,3.9951,5.4,1
260.0,3.9950620891161432,5.4,1
261.0,3.995024032140248,5.4,1
262.0,3.9949858290723155,5.4,1
263.0,3.994947479912345,5.4,1
264.0,3.994908984660336,5.4,1
265.0,3.9948703433162893,5.4,1
266.0,3.9948315558802046,5.4,1
267.0,3.9947926223520818,5.4,1
268.0,3.994753542731921,5.4,1
269.0,3.9947143170197226,5.4,1
270.0,3.9946749452154857,5.4,1
271.0,3.9946354273192113,5.4,1
272.0,3.9945957633308984,5.4,1
273.0,3.994555953250548,5.4,1
274.0,3.9945159970781594,5.4,1
275.0,3.9944758948137324,5.4,1
276.0,3.994435646457268,5.4,1
277.0,3.9943952520087653,5.4,1
278.0,3.994354711468225,5.4,1
279.0,3.9943140248356466,5.4,1
280.0,3.99427319211103,5.4,1
281.0,3.9942322132943753,5.4,1
282.0,3.994191088385683,5.4,1
283.0,3.9941498173849523,5.4,1
284.0,3.994108400292184,5.4,1
285.0,3.9940668371073778,5.4,1
286.0,3.9940251278305334,5.4,1
287.0,3.9939832724616506,5.4,1
288.0,3.9939412710007303,5.4,1
289.0,3.9938991234477723,5.4,1
290.0,3.993856829802776,5.4,1
291.0,3.9938143900657415,5.4,1
292.0,3.993771804236669,5.4,1
293.0,3.993729072315559,5.4,1
294.0,3.9936861943024105,5.4,1
295.0,3.9936431701972244,5.4,1
296.0,3.9936,5.4,1
297.0,3.9935566837107377,5.4,1
298.0,3.9935132213294375,5.4,1
299.0,3.9934696128560994,5.4,1
300.0,3.993425858290723,5.4,1
301.0,3.993381957633309,5.4,1
302.0,3.9933379108838567,5.4,1
303.0,3.993293718042367,5.4,1
304.0,3.9932493791088386,5.4,1
305.0,3.9932048940832723,5.4,1
306.0,3.9931602629656684,5.4,1
307.0,3.9931154857560265,5.4,1
308.0,3.993070562454346,5.4,1
309.0,3.993025493060628,5.4,1
310.0,3.992980277574872,5.4,1
311.0,3.992934915997078,5.4,1
312.0,3.992889408327246,5.4,1
313.0,3.992843754565376,5.4,1
314.0,3.992797954711468,5.4,1
315.0,3.9927520087655224,5.4,1
316.0,3.9927059167275383,5.4,1
317.0,3.9926596785975166,5.4,1
318.0,3.9926132943754564,5.4,1
319.0,3.9925667640613587,5.4,1
320.0,3.992520087655223,5.4,1
321.0,3.992473265157049,5.4,1
322.0,3.992426296566837,5.4,1
323.0,3.992379181884587,5.4,1
324.0,3.9923319211102997,5.4,1
325.0,3.992284514243974,5.4,1
326.0,3.99223696128561,5.4,1
327.0,3.992189262235208,5.4,1
328.0,3.9921414170927685,5.4,1
329.0,3.9920934258582905,5.4,1
330.0,3.992045288531775,5.4,1
331.0,3.9919970051132214,5.4,1
332.0,3.99194857560263,5.4,1
333.0,3.9919,5.4,1
334.0,3.991851278305332,5.4,1
335.0,3.991802410518627,5.4,1
336.0,3.9917533966398833,5.4,1
337.0,3.9917042366691016,5.4,1
338.0,3.991654930606282,5.4,1
339.0,3.9916054784514245,5.4,1
340.0,3.991555880204529,5.4,1
341.0,3.9915061358655954,5.4,1
342.0,3.9914562454346236,5.4,1
343.0,3.9914062089116142,5.4,1
344.0,3.991356026296567,5.4,1
345.0,3.9913056975894814,5.4,1
346.0,3.991255222790358,5.4,1
347.0,3.9912046018991965,5.4,1
348.0,3.991153834915997,5.4,1
349.0,3.99110292184076,5.4,1
350.0,3.9910518626734843,5.4,1
351.0,3.9910006574141708,5.4,1
352.0,3.9909493060628196,5.4,1
353.0,3.9908978086194304,5.4,1
354.0,3.990846165084003,5.4,1
355.0,3.9907943754565376,5.4,1
356.0,3.9907424397370344,5.4,1
357.0,3.990690357925493,5.4,1
358.0,3.990638130021914,5.4,1
359.0,3.9905857560262965,5.4,1
360.0,3.990533235938641,5.4,1
361.0,3.9904805697589483,5.4,1
362.0,3.990427757487217,5.4,1
363.0,3.990374799123448,5.4,1
364.0,3.9903216946676405,5.4,1
365.0,3.9902684441197955,5.4,1
366.0,3.9902150474799125,5.4,1
367.0,3.990161504747991,5.4,1
368.0,3.990107815924032,5.4,1
369.0,3.990053981008035,5.4,1
370.0,3.99,5.4,1
371.0,3.989945872899927,5.4,1
372.0,3.989891599707816,5.4,1
373.0,3.9898371804236668,5.4,1
374.0,3.98978261504748,5.4,1
375.0,3.9897279035792548,5.4,1
376.0,3.989673046018992,5.4,1
377.0,3.989618042366691,5.4,1
378.0,3.989562892622352,5.4,1
379.0,3.989507596785975,5.4,1
380.0,3.98945215485756,5.4,1
381.0,3.989396566837107,5.4,1
382.0,3.9893408327246167,5.4,1
383.0,3.9892849525200877,5.4,1
384.0,3.9892289262235208,5.4,1
385.0,3.989172753834916,5.4,1
386.0,3.989116435354273,5.4,1
387.0,3.9890599707815926,5.4,1
388.0,3.9890033601168735,5.4,1
389.0,3.988946603360117,5.4,1
390.0,3.988889700511322,5.4,1
391.0,3.9888326515704895,5.4,1
392.0,3.988775456537619,5.4,1
393.0,3.98871811541271,5.4,1
394.0,3.9886606281957633,5.4,1
395.0,3.9886029948867785,5.4,1
396.0,3.988545215485756,5.4,1
397.0,3.9884872899926953,5.4,1
398.0,3.988429218407597,5.4,1
399.0,3.98837100073046,5.4,1
400.0,3.9883126369612856,5.4,1
401.0,3.988254127100073,5.4,1
402.0,3.9881954711468226,5.4,1
403.0,3.988136669101534,5.4,1
404.0,3.9880777209642075,5.4,1
405.0,3.988018626734843,5.4,1
406.0,3.9879593864134404,5.4,1
407.0,3.9879,5.4,1
408.0,3.9878404674945216,5.4,1
409.0,3.987780788897005,5.4,1
410.0,3.9877209642074507,5.4,1
411.0,3.9876609934258584,5.4,1
412.0,3.9876008765522277,5.4,1
413.0,3.9875406135865594,5.4,1
414.0,3.987480204528853,5.4,1
415.0,3.9874196493791088,5.4,1
416.0,3.9873589481373264,5.4,1
417.0,3.987298100803506,5.4,1
418.0,3.987237107377648,5.4,1
419.0,3.9871759678597516,5.4,1
420.0,3.9871146822498176,5.4,1
421.0,3.987053250547845,5.4,1
422.0,3.986991672753835,5.4,1
423.0,3.9869299488677865,5.4,1
424.0,3.9868680788897004,5.4,1
425.0,3.9868060628195763,5.4,1
426.0,3.986743900657414,5.4,1
427.0,3.986681592403214,5.4,1
428.0,3.9866191380569758,5.4,1
429.0,3.9865565376187,5.4,1
430.0,3.9864937910883858,5.4,1
431.0,3.9864308984660335,5.4,1
432.0,3.9863678597516436,5.4,1
433.0,3.9863046749452153,5.4,1
434.0,3.9862413440467495,5.4,1
435.0,3.9861778670562455,5.4,1
436.0,3.9861142439737036,5.4,1
437.0,3.9860504747991237,5.4,1
438.0,3.9859865595325057,5.4,1
439.0,3.9859224981738497,5.4,1
440.0,3.9858582907231557,5.4,1
441.0,3.9857939371804236,5.4,1
442.0,3.9857294375456536,5.4,1
443.0,3.985664791818846,5.4,1
444.0,3.9856,5.4,1
445.0,3.985535062089116,5.4,1
446.0,3.9854699780861944,5.4,1
447.0,3.9854047479912347,5.4,1
448.0,3.9853393718042365,5.4,1
449.0,3.9852738495252007,5.4,1
450.0,3.985208181154127,5.4,1
451.0,3.9851423666910155,5.4,1
452.0,3.9850764061358657,5.4,1
453.0,3.985010299488678,5.4,1
454.0,3.9849440467494524,5.4,1
455.0,3.9848776479181884,5.4,1
456.0,3.984811102994887,5.4,1
457.0,3.984744411979547,5.4,1
458.0,3.9846775748721694,5.4,1
459.0,3.984610591672754,5.4,1
460.0,3.9845434623813003,5.4,1
461.0,3.9844761869978087,5.4,1
462.0,3.984408765522279,5.4,1
463.0,3.9843411979547114,5.4,1
464.0,3.9842734842951057,5.4,1
465.0,3.9842056245434625,5.4,1
466.0,3.984137618699781,5.4,1
467.0,3.9840694667640615,5.4,1
468.0,3.9840011687363037,5.4,1
469.0,3.9839327246165084,5.4,1
470.0,3.983864134404675,5.4,1
471.0,3.9837953981008036,5.4,1
472.0,3.9837265157048942,5.4,1
473.0,3.983657487216947,5.4,1
474.0,3.9835883126369613,5.4,1
475.0,3.983518991964938,5.4,1
476.0,3.9834495252008764,5.4,1
477.0,3.9833799123447773,5.4,1
478.0,3.9833101533966397,5.4,1
479.0,3.9832402483564646,5.4,1
480.0,3.9831701972242515,5.4,1
481.0,3.9831,5.4,1
482.0,3.9830296566837107,5.4,1
483.0,3.9829591672753835,5.4,1
484.0,3.9828885317750182,5.4,1
485.0,3.982817750182615,5.4,1
486.0,3.9827468224981737,5.4,1
487.0,3.982675748721695,5.4,1
488.0,3.9826045288531775,5.4,1
489.0,3.982533162892622,5.4,1
490.0,3.9824616508400292,5.4,1
491.0,3.9823899926953983,5.4,1
492.0,3.982318188458729,5.4,1
493.0,3.982246238130022,5.4,1
494.0,3.982174141709277,5.4,1
495.0,3.982101899196494,5.4,1
496.0,3.9820295105916728,5.4,1
497.0,3.9819569758948137,5.4,1
498.0,3.9818842951059166,5.4,1
499.0,3.981811468224982,5.4,1
500.0,3.9817384952520087,5.4,1
501.0,3.981665376186998,5.4,1
502.0,3.981592111029949,5.4,1
503.0,3.981518699780862,5.4,1
504.0,3.9814451424397372,5.4,1
505.0,3.981371439006574,5.4,1
506.0,3.981297589481373,5.4,1
507.0,3.9812235938641343,5.4,1
508.0,3.9811494521548574,5.4,1
509.0,3.981075164353543,5.4,1
510.0,3.98100073046019,5.4,1
511.0,3.980926150474799,5.4,1
512.0,3.9808514243973705,5.4,1
513.0,3.9807765522279035,5.4,1
514.0,3.980701533966399,5.4,1
515.0,3.9806263696128563,5.4,1
516.0,3.9805510591672753,5.4,1
517.0,3.9804756026296566,5.4,1
518.0,3.9804,5.4,1
519.0,3.9803242512783052,5.4,1
520.0,3.9802483564645725,5.4,1
521.0,3.9801723155588022,5.4,1
522.0,3.9800961285609935,5.4,1
523.0,3.9800197954711467,5.4,1
524.0,3.9799433162892623,5.4,1
525.0,3.9798666910153395,5.4,1
526.0,3.979789919649379,5.4,1
527.0,3.9797130021913807,5.4,1
528.0,3.9796359386413442,5.4,1
529.0,3.9795587289992693,5.4,1
530.0,3.979481373265157,5.4,1
531.0,3.9794038714390068,5.4,1
532.0,3.979326223520818,5.4,1
533.0,3.9792484295105917,5.4,1
534.0,3.979170489408327,5.4,1
535.0,3.979092403214025,5.4,1
536.0,3.9790141709276843,5.4,1
537.0,3.978935792549306,5.4,1
538.0,3.97885726807889,5.4,1
539.0,3.978778597516435,5.4,1
540.0,3.978699780861943,5.4,1
541.0,3.9786208181154126,5.4,1
542.0,3.9785417092768443,5.4,1
543.0,3.9784624543462384,5.4,1
544.0,3.978383053323594,5.4,1
545.0,3.9783035062089116,5.4,1
546.0,3.978223813002191,5.4,1
547.0,3.978143973703433,5.4,1
548.0,3.9780639883126367,5.4,1
549.0,3.9779838568298027,5.4,1
550.0,3.9779035792549307,5.4,1
551.0,3.9778231555880206,5.4,1
552.0,3.9777425858290725,5.4,1
553.0,3.9776618699780864,5.4,1
554.0,3.977581008035062,5.4,1
555.0,3.9775,5.4,1
556.0,3.9774188458729,5.4,1
557.0,3.977337545653762,5.4,1
558.0,3.977256099342586,5.4,1
559.0,3.977174506939372,5.4,1
560.0,3.9770927684441197,5.4,1
561.0,3.97701088385683,5.4,1
562.0,3.976928853177502,5.4,1
563.0,3.9768466764061356,5.4,1
564.0,3.9767643535427317,5.4,1
565.0,3.9766818845872898,5.4,1
566.0,3.9765992695398102,5.4,1
567.0,3.9765165084002922,5.4,1
568.0,3.9764336011687362,5.4,1
569.0,3.9763505478451426,5.4,1
570.0,3.9762673484295106,5.4,1
571.0,3.976184002921841,5.4,1
572.0,3.976100511322133,5.4,1
573.0,3.976016873630387,5.4,1
574.0,3.9759330898466034,5.4,1
575.0,3.9758491599707817,5.4,1
576.0,3.975765084002922,5.4,1
577.0,3.975680861943024,5.4,1
578.0,3.9755964937910884,5.4,1
579.0,3.9755119795471145,5.4,1
580.0,3.975427319211103,5.4,1
581.0,3.9753425127830533,5.4,1
582.0,3.975257560262966,5.4,1
583.0,3.97517246165084,5.4,1
584.0,3.9750872169466764,5.4,1
585.0,3.975001826150475,5.4,1
586.0,3.9749162892622354,5.4,1
587.0,3.974830606281958,5.4,1
588.0,3.9747447772096423,5.4,1
589.0,3.9746588020452887,5.4,1
590.0,3.974572680788897,5.4,1
591.0,3.9744864134404674,5.4,1
592.0,3.9744,5.4,1
593.0,3.9743134404674945,5.4,1
594.0,3.974226734842951,5.4,1
595.0,3.9741398831263695,5.4,1
596.0,3.97405288531775,5.4,1
597.0,3.973965741417093,5.4,1
598.0,3.9738784514243974,5.4,1
599.0,3.973791015339664,5.4,1
600.0,3.9737034331628927,5.4,1
601.0,3.9736157048940832,5.4,1
602.0,3.9735278305332358,5.4,1
603.0,3.9734398100803507,5.4,1
604.0,3.9733516435354272,5.4,1
605.0,3.973263330898466,5.4,1
606.0,3.9731748721694666,5.4,1
607.0,3.9730862673484295,5.4,1
608.0,3.9729975164353544,5.4,1
609.0,3.972908619430241,5.4,1
610.0,3.97281957633309,5.4,1
611.0,3.972730387143901,5.4,1
612.0,3.9726410518626736,5.4,1
613.0,3.9725515704894083,5.4,1
614.0,3.972461943024105,5.4,1
615.0,3.972372169466764,5.4,1
616.0,3.972282249817385,5.4,1
617.0,3.972192184075968,5.4,1
618.0,3.9721019722425126,5.4,1
619.0,3.9720116143170197,5.4,1
620.0,3.9719211102994887,5.4,1
621.0,3.9718304601899197,5.4,1
622.0,3.9717396639883127,5.4,1
623.0,3.9716487216946676,5.4,1
624.0,3.9715576333089846,5.4,1
625.0,3.9714663988312635,5.4,1
626.0,3.971375018261505,5.4,1
627.0,3.9712834915997077,5.4,1
628.0,3.971191818845873,5.4,1
629.0,3.9711,5.4,1
630.0,3.971008035062089,5.4,1
631.0,3.9709159240321403,5.4,1
632.0,3.9708236669101535,5.4,1
633.0,3.9707312636961287,5.4,1
634.0,3.970638714390066,5.4,1
635.0,3.970546018991965,5.4,1
636.0,3.970453177501826,5.4,1
637.0,3.9703601899196492,5.4,1
638.0,3.9702670562454347,5.4,1
639.0,3.970173776479182,5.4,1
640.0,3.9700803506208913,5.4,1
641.0,3.9699867786705623,5.4,1
642.0,3.9698930606281957,5.4,1
643.0,3.969799196493791,5.4,1
644.0,3.9697051862673485,5.4,1
645.0,3.969611029948868,5.4,1
646.0,3.969516727538349,5.4,1
647.0,3.9694222790357925,5.4,1
648.0,3.9693276844411978,5.4,1
649.0,3.9692329437545655,5.4,1
650.0,3.9691380569758947,5.4,1
651.0,3.9690430241051864,5.4,1
652.0,3.9689478451424396,5.4,1
653.0,3.968852520087655,5.4,1
654.0,3.968757048940833,5.4,1
655.0,3.9686614317019724,5.4,1
656.0,3.968565668371074,5.4,1
657.0,3.9684697589481375,5.4,1
658.0,3.968373703433163,5.4,1
659.0,3.9682775018261505,5.4,1
660.0,3.9681811541271,5.4,1
661.0,3.968084660336012,5.4,1
662.0,3.9679880204528852,5.4,1
663.0,3.967891234477721,5.4,1
664.0,3.9677943024105184,5.4,1
665.0,3.9676972242512782,5.4,1
666.0,3.9676,5.4,1
667.0,3.9675026296566838,5.4,1
668.0,3.9674051132213295,5.4,1
669.0,3.967307450693937,5.4,1
670.0,3.967209642074507,5.4,1
671.0,3.9671116873630385,5.4,1
672.0,3.9670135865595326,5.4,1
673.0,3.9669153396639882,5.4,1
674.0,3.9668169466764063,5.4,1
675.0,3.966718407596786,5.4,1
676.0,3.966619722425128,5.4,1
677.0,3.966520891161432,5.4,1
678.0,3.9664219138056978,5.4,1
679.0,3.9663227903579257,5.4,1
680.0,3.9662235208181156,5.4,1
681.0,3.9661241051862675,5.4,1
682.0,3.9660245434623813,5.4,1
683.0,3.965924835646457,5.4,1
684.0,3.9658249817384954,5.4,1
685.0,3.965724981738495,5.4,1
686.0,3.9656248356464574,5.4,1
687.0,3.965524543462381,5.4,1
688.0,3.9654241051862673,5.4,1
689.0,3.9653235208181155,5.4,1
690.0,3.9652227903579256,5.4,1
691.0,3.9651219138056977,5.4,1
692.0,3.9650208911614317,5.4,1
693.0,3.964919722425128,5.4,1
694.0,3.964818407596786,5.4,1
695.0,3.9647169466764063,5.4,1
696.0,3.9646153396639883,5.4,1
697.0,3.9645135865595327,5.4,1
698.0,3.9644116873630386,5.4,1
699.0,3.964309642074507,5.4,1
700.0,3.9642074506939373,5.4,1
701.0,3.9641051132213296,5.4,1
702.0,3.964002629656684,5.4,1
703.0,3.9639,5.4,1
704.0,3.9637972242512785,5.4,1
705.0,3.9636943024105187,5.4,1
706.0,3.963591234477721,5.4,1
707.0,3.9634880204528855,5.4,1
708.0,3.9633846603360117,5.4,1
709.0,3.9632811541271002,5.4,1
710.0,3.9631775018261504,5.4,1
711.0,3.963073703433163,5.4,1
712.0,3.9629697589481374,5.4,1
713.0,3.962865668371074,5.4,1
714.0,3.9627614317019724,5.4,1
715.0,3.962657048940833,5.4,1
716.0,3.9625525200876552,5.4,1
717.0,3.9624478451424396,5.4,1
718.0,3.9623430241051865,5.4,1
719.0,3.962238056975895,5.4,1
720.0,3.9621329437545656,5.4,1
721.0,3.962027684441198,5.4,1
722.0,3.9619222790357926,5.4,1
723.0,3.9618167275383493,5.4,1
724.0,3.9617110299488676,5.4,1
725.0,3.9616051862673483,5.4,1
726.0,3.961499196493791,5.4,1
727.0,3.961393060628196,5.4,1
728.0,3.9612867786705626,5.4,1
729.0,3.961180350620891,5.4,1
730.0,3.9610737764791817,5.4,1
731.0,3.9609670562454347,5.4,1
732.0,3.960860189919649,5.4,1
733.0,3.960753177501826,5.4,1
734.0,3.960646018991965,5.4,1
735.0,3.960538714390066,5.4,1
736.0,3.9604312636961287,5.4,1
737.0,3.9603236669101536,5.4,1
738.0,3.9602159240321404,5.4,1
739.0,3.960108035062089,5.4,1
740.0,3.96,5.4,1
741.0,3.9598918188458727,5.4,1
742.0,3.959783491599708,5.4,1
743.0,3.9596750182615046,5.4,1
744.0,3.9595663988312637,5.4,1
745.0,3.959457633308985,5.4,1
746.0,3.9593487216946675,5.4,1
747.0,3.9592396639883125,5.4,1
748.0,3.9591304601899195,5.4,1
749.0,3.9590211102994886,5.4,1
750.0,3.9589116143170195,5.4,1
751.0,3.958801972242513,5.4,1
752.0,3.958692184075968,5.4,1
753.0,3.958582249817385,5.4,1
754.0,3.958472169466764,5.4,1
755.0,3.958361943024105,5.4,1
756.0,3.9582515704894083,5.4,1
757.0,3.9581410518626736,5.4,1
758.0,3.958030387143901,5.4,1
759.0,3.9579195763330897,5.4,1
760.0,3.957808619430241,5.4,1
761.0,3.957697516435354,5.4,1
762.0,3.9575862673484297,5.4,1
763.0,3.957474872169467,5.4,1
764.0,3.957363330898466,5.4,1
765.0,3.9572516435354275,5.4,1
766.0,3.9571398100803505,5.4,1
767.0,3.957027830533236,5.4,1
768.0,3.956915704894083,5.4,1
769.0,3.9568034331628925,5.4,1
770.0,3.956691015339664,5.4,1
771.0,3.9565784514243973,5.4,1
772.0,3.9564657414170927,5.4,1
773.0,3.95635288531775,5.4,1
774.0,3.9562398831263694,5.4,1
775.0,3.956126734842951,5.4,1
776.0,3.9560134404674945,5.4,1
777.0,3.9559,5.4,1
778.0,3.9557864134404674,5.4,1
779.0,3.955672680788897,5.4,1
780.0,3.9555588020452883,5.4,1
781.0,3.955444777209642,5.4,1
782.0,3.9553306062819575,5.4,1
783.0,3.955216289262235,5.4,1
784.0,3.9551018261504747,5.4,1
785.0,3.954987216946676,5.4,1
786.0,3.95487246165084,5.4,1
787.0,3.9547575602629657,5.4,1
788.0,3.954642512783053,5.4,1
789.0,3.954527319211103,5.4,1
790.0,3.954411979547115,5.4,1
791.0,3.9542964937910883,5.4,1
792.0,3.954180861943024,5.4,1
793.0,3.954065084002922,5.4,1
794.0,3.9539491599707817,5.4,1
795.0,3.9538330898466034,5.4,1
796.0,3.953716873630387,5.4,1
797.0,3.953600511322133,5.4,1
798.0,3.953484002921841,5.4,1
799.0,3.9533673484295107,5.4,1
800.0,3.9532505478451423,5.4,1
801.0,3.9531336011687364,5.4,1
802.0,3.9530165084002924,5.4,1
803.0,3.95289926953981,5.4,1
804.0,3.95278188458729,5.4,1
805.0,3.952664353542732,5.4,1
806.0,3.952546676406136,5.4,1
807.0,3.952428853177502,5.4,1
808.0,3.9523108838568297,5.4,1
809.0,3.9521927684441196,5.4,1
810.0,3.952074506939372,5.4,1
811.0,3.9519560993425857,5.4,1
812.0,3.951837545653762,5.4,1
813.0,3.9517188458729,5.4,1
814.0,3.9516,5.4,1
815.0,3.951481008035062,5.4,1
816.0,3.9513618699780864,5.4,1
817.0,3.9512425858290725,5.4,1
818.0,3.9511231555880206,5.4,1
819.0,3.9510035792549307,5.4,1
820.0,3.950883856829803,5.4,1
821.0,3.950763988312637,5.4,1
822.0,3.9506439737034333,5.4,1
823.0,3.9505238130021914,5.4,1
824.0,3.950403506208912,5.4,1
825.0,3.9502830533235938,5.4,1
826.0,3.950162454346238,5.4,1
827.0,3.9500417092768445,5.4,1
828.0,3.949920818115413,5.4,1
829.0,3.949799780861943,5.4,1
830.0,3.9496785975164355,5.4,1
831.0,3.9495572680788897,5.4,1
832.0,3.949435792549306,5.4,1
833.0,3.9493141709276847,5.4,1
834.0,3.949192403214025,5.4,1
835.0,3.949070489408327,5.4,1
836.0,3.9489484295105917,5.4,1
837.0,3.9488262235208182,5.4,1
838.0,3.9487038714390064,5.4,1
839.0,3.948581373265157,5.4,1
840.0,3.9484587289992694,5.4,1
841.0,3.948335938641344,5.4,1
842.0,3.9482130021913804,5.4,1
843.0,3.9480899196493793,5.4,1
844.0,3.9479666910153397,5.4,1
845.0,3.947843316289262,5.4,1
846.0,3.947719795471147,5.4,1
847.0,3.9475961285609933,5.4,1
848.0,3.947472315558802,5.4,1
849.0,3.947348356464573,5.4,1
850.0,3.947224251278305,5.4,1
851.0,3.9471,5.4,1
852.0,3.9469756026296565,5.4,1
853.0,3.946851059167275,5.4,1
854.0,3.9467263696128563,5.4,1
855.0,3.946601533966399,5.4,1
856.0,3.9464765522279035,5.4,1
857.0,3.9463514243973705,5.4,1
858.0,3.946226150474799,5.4,1
859.0,3.94610073046019,5.4,1
860.0,3.9459751643535426,5.4,1
861.0,3.9458494521548575,5.4,1
862.0,3.9457235938641344,5.4,1
863.0,3.9455975894813733,5.4,1
864.0,3.945471439006574,5.4,1
865.0,3.945345142439737,5.4,1
866.0,3.945218699780862,5.4,1
867.0,3.945092111029949,5.4,1
868.0,3.944965376186998,5.4,1
869.0,3.9448384952520086,5.4,1
870.0,3.9447114682249818,5.4,1
871.0,3.944584295105917,5.4,1
872.0,3.9444569758948136,5.4,1
873.0,3.9443295105916727,5.4,1
874.0,3.9442018991964938,5.4,1
875.0,3.944074141709277,5.4,1
876.0,3.943946238130022,5.4,1
877.0,3.943818188458729,5.4,1
878.0,3.943689992695398,5.4,1
879.0,3.9435616508400293,5.4,1
880.0,3.9434331628926222,5.4,1
881.0,3.9433045288531776,5.4,1
882.0,3.9431757487216945,5.4,1
883.0,3.943046822498174,5.4,1
884.0,3.942917750182615,5.4,1
885.0,3.9427885317750184,5.4,1
886.0,3.9426591672753837,5.4,1
887.0,3.942529656683711,5.4,1
888.0,3.9424,5.4,1
889.0,3.9422701972242513,5.4,1
890.0,3.9421402483564645,5.4,1
891.0,3.94201015339664,5.4,1
892.0,3.941879912344777,5.4,1
893.0,3.9417495252008767,5.4,1
894.0,3.941618991964938,5.4,1
895.0,3.9414883126369613,5.4,1
896.0,3.941357487216947,5.4,1
897.0,3.9412265157048942,5.4,1
898.0,3.9410953981008037,5.4,1
899.0,3.940964134404675,5.4,1
900.0,3.9408327246165085,5.4,1
901.0,3.940701168736304,5.4,1
902.0,3.940569466764061,5.4,1
903.0,3.940437618699781,5.4,1
904.0,3.9403056245434622,5.4,1
905.0,3.940173484295106,5.4,1
906.0,3.9400411979547116,5.4,1
907.0,3.939908765522279,5.4,1
908.0,3.9397761869978085,5.4,1
909.0,3.9396434623813,5.4,1
910.0,3.9395105916727537,5.4,1
911.0,3.9393775748721693,5.4,1
912.0,3.939244411979547,5.4,1
913.0,3.939111102994887,5.4,1
914.0,3.9389776479181884,5.4,1
915.0,3.9388440467494523,5.4,1
916.0,3.938710299488678,5.4,1
917.0,3.9385764061358657,5.4,1
918.0,3.9384423666910156,5.4,1
919.0,3.938308181154127,5.4,1
920.0,3.9381738495252008,5.4,1
921.0,3.9380393718042366,5.4,1
922.0,3.9379047479912344,5.4,1
923.0,3.937769978086194,5.4,1
924.0,3.9376350620891163,5.4,1
925.0,3.9375,5.4,1
926.0,3.9373647918188457,5.4,1
927.0,3.937229437545654,5.4,1
928.0,3.937093937180424,5.4,1
929.0,3.9369582907231555,5.4,1
930.0,3.9368224981738495,5.4,1
931.0,3.9366865595325056,5.4,1
932.0,3.9365504747991236,5.4,1
933.0,3.9364142439737035,5.4,1
934.0,3.9362778670562455,5.4,1
935.0,3.9361413440467494,5.4,1
936.0,3.9360046749452153,5.4,1
937.0,3.9358678597516437,5.4,1
938.0,3.9357308984660335,5.4,1
939.0,3.935593791088386,5.4,1
940.0,3.9354565376186996,5.4,1
941.0,3.935319138056976,5.4,1
942.0,3.935181592403214,5.4,1
943.0,3.9350439006574143,5.4,1
944.0,3.9349060628195764,5.4,1
945.0,3.9347680788897006,5.4,1
946.0,3.9346299488677867,5.4,1
947.0,3.934491672753835,5.4,1
948.0,3.9343532505478453,5.4,1
949.0,3.9342146822498174,5.4,1
950.0,3.9340759678597514,5.4,1
951.0,3.933937107377648,5.4,1
952.0,3.9337981008035063,5.4,1
953.0,3.9336589481373263,5.4,1
954.0,3.9335196493791087,5.4,1
955.0,3.933380204528853,5.4,1
956.0,3.9332406135865594,5.4,1
957.0,3.9331008765522277,5.4,1
958.0,3.9329609934258585,5.4,1
959.0,3.9328209642074508,5.4,1
960.0,3.932680788897005,5.4,1
961.0,3.9325404674945217,5.4,1
962.0,3.9324,5.4,1
963.0,3.9322593864134405,5.4,1
964.0,3.932118626734843,5.4,1
965.0,3.9319777209642073,5.4,1
966.0,3.931836669101534,5.4,1
967.0,3.9316954711468224,5.4,1
968.0,3.931554127100073,5.4,1
969.0,3.9314126369612854,5.4,1
970.0,3.9312710007304603,5.4,1
971.0,3.9311292184075968,5.4,1
972.0,3.930987289992695,5.4,1
973.0,3.930845215485756,5.4,1
974.0,3.930702994886779,5.4,1
975.0,3.9305606281957632,5.4,1
976.0,3.93041811541271,5.4,1
977.0,3.930275456537619,5.4,1
978.0,3.9301326515704895,5.4,1
979.0,3.9299897005113222,5.4,1
980.0,3.929846603360117,5.4,1
981.0,3.9297033601168736,5.4,1
982.0,3.9295599707815922,5.4,1
983.0,3.9294164353542733,5.4,1
984.0,3.929272753834916,5.4,1
985.0,3.929128926223521,5.4,1
986.0,3.9289849525200875,5.4,1
987.0,3.9288408327246165,5.4,1
988.0,3.9286965668371074,5.4,1
989.0,3.9285521548575604,5.4,1
990.0,3.9284075967859753,5.4,1
991.0,3.928262892622352,5.4,1
992.0,3.928118042366691,5.4,1
993.0,3.927973046018992,5.4,1
994.0,3.927827903579255,5.4,1
995.0,3.92768261504748,5.4,1
996.0,3.9275371804236667,5.4,1
997.0,3.927391599707816,5.4,1
998.0,3.927245872899927,5.4,1
999.0,3.9271,5.4,1
1000.0,3.926953981008035,5.4,1
1001.0,3.926807815924032,5.4,1
1002.0,3.926661504747991,5.4,1
1003.0,3.926515047479912,5.4,1
1004.0,3.9263684441197952,5.4,1
1005.0,3.9262216946676407,5.4,1
1006.0,3.9260747991234477,5.4,1
1007.0,3.925927757487217,5.4,1
1008.0,3.925780569758948,5.4,1
1009.0,3.9256332359386414,5.4,1
1010.0,3.925485756026297,5.4,1
1011.0,3.9253381300219137,5.4,1
1012.0,3.925190357925493,5.4,1
1013.0,3.9250424397370343,5.4,1
1014.0,3.9248943754565375,5.4,1
1015.0,3.9247461650840028,5.4,1
1016.0,3.9245978086194304,5.4,1
1017.0,3.9244493060628196,5.4,1
1018.0,3.924300657414171,5.4,1
1019.0,3.9241518626734844,5.4,1
1020.0,3.9240029218407595,5.4,1
1021.0,3.923853834915997,5.4,1
1022.0,3.9237046018991966,5.4,1
1023.0,3.923555222790358,5.4,1
1024.0,3.9234056975894815,5.4,1
1025.0,3.923256026296567,5.4,1
1026.0,3.9231062089116144,5.4,1
1027.0,3.922956245434624,5.4,1
1028.0,3.9228061358655952,5.4,1
1029.0,3.922655880204529,5.4,1
1030.0,3.9225054784514244,5.4,1
1031.0,3.922354930606282,5.4,1
1032.0,3.9222042366691015,5.4,1
1033.0,3.922053396639883,5.4,1
1034.0,3.921902410518627,5.4,1
1035.0,3.9217512783053325,5.4,1
1036.0,3.9216,5.4,1
1037.0,3.92144857560263,5.4,1
1038.0,3.9212970051132214,5.4,1
1039.0,3.921145288531775,5.4,1
1040.0,3.9209934258582906,5.4,1
1041.0,3.9208414170927686,5.4,1
1042.0,3.920689262235208,5.4,1
1043.0,3.92053696128561,5.4,1
1044.0,3.9203845142439735,5.4,1
1045.0,3.9202319211102994,5.4,1
1046.0,3.9200791818845873,5.4,1
1047.0,3.919926296566837,5.4,1
1048.0,3.919773265157049,5.4,1
1049.0,3.9196200876552227,5.4,1
1050.0,3.9194667640613585,5.4,1
1051.0,3.9193132943754567,5.4,1
1052.0,3.9191596785975165,5.4,1
1053.0,3.919005916727538,5.4,1
1054.0,3.9188520087655223,5.4,1
1055.0,3.9186979547114684,5.4,1
1056.0,3.918543754565376,5.4,1
1057.0,3.918389408327246,5.4,1
1058.0,3.918234915997078,5.4,1
1059.0,3.918080277574872,5.4,1
1060.0,3.917925493060628,5.4,1
1061.0,3.917770562454346,5.4,1
1062.0,3.917615485756026,5.4,1
1063.0,3.9174602629656685,5.4,1
1064.0,3.9173048940832724,5.4,1
1065.0,3.9171493791088388,5.4,1
1066.0,3.9169937180423666,5.4,1
1067.0,3.916837910883857,5.4,1
1068.0,3.916681957633309,5.4,1
1069.0,3.916525858290723,5.4,1
1070.0,3.916369612856099,5.4,1
1071.0,3.9162132213294374,5.4,1
1072.0,3.9160566837107376,5.4,1
1073.0,3.9159,5.4,1
1074.0,3.9157431701972243,5.4,1
1075.0,3.9155861943024104,5.4,1
1076.0,3.915429072315559,5.4,1
1077.0,3.915271804236669,5.4,1
1078.0,3.9151143900657415,5.4,1
1079.0,3.914956829802776,5.4,1
1080.0,3.914799123447772,5.4,1
1081.0,3.9146412710007303,5.4,1
1082.0,3.9144832724616507,5.4,1
1083.0,3.914325127830533,5.4,1
1084.0,3.9141668371073775,5.4,1
1085.0,3.914008400292184,5.4,1
1086.0,3.9138498173849525,5.4,1
1087.0,3.913691088385683,5.4,1
1088.0,3.9135322132943755,5.4,1
1089.0,3.9133731921110297,5.4,1
1090.0,3.9132140248356464,5.4,1
1091.0,3.913054711468225,5.4,1
1092.0,3.9128952520087656,5.4,1
1093.0,3.9127356464572682,5.4,1
1094.0,3.912575894813733,5.4,1
1095.0,3.9124159970781593,5.4,1
1096.0,3.912255953250548,5.4,1
1097.0,3.9120957633308984,5.4,1
1098.0,3.9119354273192113,5.4,1
1099.0,3.9117749452154857,5.4,1
1100.0,3.9116143170197226,5.4,1
1101.0,3.911453542731921,5.4,1
1102.0,3.911292622352082,5.4,1
1103.0,3.9111315558802047,5.4,1
1104.0,3.9109703433162895,5.4,1
1105.0,3.910808984660336,5.4,1
1106.0,3.910647479912345,5.4,1
1107.0,3.9104858290723157,5.4,1
1108.0,3.9103240321402484,5.4,1
1109.0,3.910162089116143,5.4,1
1110.0,3.91,5.4,1
1111.0,3.9098377647918188,5.4,1
1112.0,3.9096753834916,5.4,1
1113.0,3.9095128560993424,5.4,1
1114.0,3.9093501826150474,5.4,1
1115.0,3.9091873630387144,5.4,1
1116.0,3.9090243973703434,5.4,1
1117.0,3.9088612856099343,5.4,1
1118.0,3.908698027757487,5.4,1
1119.0,3.908534623813002,5.4,1
1120.0,3.908371073776479,5.4,1
1121.0,3.9082073776479183,5.4,1
1122.0,3.908043535427319,5.4,1
1123.0,3.9078795471146823,5.4,1
1124.0,3.907715412710007,5.4,1
1125.0,3.9075511322132943,5.4,1
1126.0,3.9073867056245435,5.4,1
1127.0,3.9072221329437546,5.4,1
1128.0,3.907057414170928,5.4,1
1129.0,3.906892549306063,5.4,1
1130.0,3.90672753834916,5.4,1
1131.0,3.906562381300219,5.4,1
1132.0,3.9063970781592405,5.4,1
1133.0,3.9062316289262236,5.4,1
1134.0,3.9060660336011686,5.4,1
1135.0,3.905900292184076,5.4,1
1136.0,3.9057344046749454,5.4,1
1137.0,3.9055683710737763,5.4,1
1138.0,3.9054021913805697,5.4,1
1139.0,3.905235865595325,5.4,1
1140.0,3.9050693937180423,5.4,1
1141.0,3.9049027757487216,5.4,1
1142.0,3.904736011687363,5.4,1
1143.0,3.9045691015339665,5.4,1
1144.0,3.9044020452885317,5.4,1
1145.0,3.904234842951059,5.4,1
1146.0,3.9040674945215486,5.4,1
1147.0,3.9039,5.4,1
1148.0,3.9037323593864133,5.4,1
1149.0,3.903564572680789,5.4,1
1150.0,3.9033966398831264,5.4,1
1151.0,3.903228560993426,5.4,1
1152.0,3.9030603360116873,5.4,1
1153.0,3.902891964937911,5.4,1
1154.0,3.9027234477720962,5.4,1
1155.0,3.902554784514244,5.4,1
1156.0,3.9023859751643535,5.4,1
1157.0,3.9022170197224253,5.4,1
1158.0,3.9020479181884586,5.4,1
1159.0,3.9018786705624544,5.4,1
1160.0,3.901709276844412,5.4,1
1161.0,3.9015397370343314,5.4,1
1162.0,3.901370051132213,5.4,1
1163.0,3.901200219138057,5.4,1
1164.0,3.9010302410518625,5.4,1
1165.0,3.9008601168736305,5.4,1
1166.0,3.90068984660336,5.4,1
1167.0,3.9005194302410517,5.4,1
1168.0,3.9003488677867058,5.4,1
1169.0,3.9001781592403213,5.4,1
1170.0,3.9000073046018993,5.4,1
1171.0,3.899836303871439,5.4,1
1172.0,3.8996651570489407,5.4,1
1173.0,3.8994938641344046,5.4,1
1174.0,3.8993224251278304,5.4,1
1175.0,3.8991508400292183,5.4,1
1176.0,3.898979108838568,5.4,1
1177.0,3.8988072315558804,5.4,1
1178.0,3.898635208181154,5.4,1
1179.0,3.89846303871439,5.4,1
1180.0,3.898290723155588,5.4,1
1181.0,3.898118261504748,5.4,1
1182.0,3.89794565376187,5.4,1
1183.0,3.897772899926954,5.4,1
1184.0,3.8976,5.4,1
1185.0,3.8974269539810082,5.4,1
1186.0,3.8972537618699783,5.4,1
1187.0,3.8970804236669103,5.4,1
1188.0,3.8969069393718043,5.4,1
1189.0,3.8967333089846603,5.4,1
1190.0,3.8965595325054783,5.4,1
1191.0,3.8963856099342586,5.4,1
1192.0,3.8962115412710006,5.4,1
1193.0,3.896037326515705,5.4,1
1194.0,3.895862965668371,5.4,1
1195.0,3.8956884587289995,5.4,1
1196.0,3.8955138056975893,5.4,1
1197.0,3.8953390065741416,5.4,1
1198.0,3.895164061358656,5.4,1
1199.0,3.8949889700511324,5.4,1
1200.0,3.8948137326515706,5.4,1
1201.0,3.8946383491599708,5.4,1
1202.0,3.894462819576333,5.4,1
1203.0,3.8942871439006574,5.4,1
1204.0,3.894111322132944,5.4,1
1205.0,3.893935354273192,5.4,1
1206.0,3.8937592403214025,5.4,1
1207.0,3.893582980277575,5.4,1
1208.0,3.8934065741417094,5.4,1
1209.0,3.893230021913806,5.4,1
1210.0,3.8930533235938642,5.4,1
1211.0,3.8928764791818846,5.4,1
1212.0,3.892699488677867,5.4,1
1213.0,3.8925223520818117,5.4,1
1214.0,3.892345069393718,5.4,1
1215.0,3.8921676406135868,5.4,1
1216.0,3.891990065741417,5.4,1
1217.0,3.8918123447772097,5.4,1
1218.0,3.8916344777209644,5.4,1
1219.0,3.8914564645726806,5.4,1
1220.0,3.891278305332359,5.4,1
1221.0,3.8911,5.4,1
1222.0,3.890921548575603,5.4,1
1223.0,3.8907429510591673,5.4,1
1224.0,3.890564207450694,5.4,1
1225.0,3.890385317750183,5.4,1
1226.0,3.8902062819576333,5.4,1
1227.0,3.890027100073046,5.4,1
1228.0,3.8898477720964206,5.4,1
1229.0,3.8896682980277575,5.4,1
1230.0,3.8894886778670563,5.4,1
1231.0,3.889308911614317,5.4,1
1232.0,3.88912899926954,5.4,1
1233.0,3.8889489408327247,5.4,1
1234.0,3.8887687363038714,5.4,1
1235.0,3.88858838568298,5.4,1
1236.0,3.8884078889700513,5.4,1
1237.0,3.888227246165084,5.4,1
1238.0,3.888046457268079,5.4,1
1239.0,3.8878655222790357,5.4,1
1240.0,3.8876844411979548,5.4,1
1241.0,3.887503214024836,5.4,1
1242.0,3.887321840759679,5.4,1
1243.0,3.887140321402484,5.4,1
1244.0,3.8869586559532507,5.4,1
1245.0,3.8867768444119797,5.4,1
1246.0,3.8865948867786706,5.4,1
1247.0,3.8864127830533235,5.4,1
1248.0,3.886230533235939,5.4,1
1249.0,3.8860481373265157,5.4,1
1250.0,3.885865595325055,5.4,1
1251.0,3.8856829072315557,5.4,1
1252.0,3.885500073046019,5.4,1
1253.0,3.885317092768444,5.4,1
1254.0,3.8851339663988314,5.4,1
1255.0,3.8849506939371805,5.4,1
1256.0,3.8847672753834916,5.4,1
1257.0,3.8845837107377648,5.4,1
1258.0,3.8844,5.4,1
1259.0,3.8842161431701974,5.4,1
1260.0,3.8840321402483564,5.4,1
1261.0,3.883847991234478,5.4,1
1262.0,3.883663696128561,5.4,1
1263.0,3.8834792549306063,5.4,1
1264.0,3.8832946676406137,5.4,1
1265.0,3.883109934258583,5.4,1
1266.0,3.8829250547845144,5.4,1
1267.0,3.8827400292184078,5.4,1
1268.0,3.882554857560263,5.4,1
1269.0,3.8823695398100804,5.4,1
1270.0,3.8821840759678596,5.4,1
1271.0,3.8819984660336013,5.4,1
1272.0,3.8818127100073045,5.4,1
1273.0,3.88162680788897,5.4,1
1274.0,3.8814407596785974,5.4,1
1275.0,3.881254565376187,5.4,1
1276.0,3.8810682249817385,5.4,1
1277.0,3.880881738495252,5.4,1
1278.0,3.8806951059167276,5.4,1
1279.0,3.880508327246165,5.4,1
1280.0,3.8803214024835646,5.4,1
1281.0,3.880134331628926,5.4,1
1282.0,3.87994711468225,5.4,1
1283.0,3.8797597516435354,5.4,1
1284.0,3.879572242512783,5.4,1
1285.0,3.8793845872899926,5.4,1
1286.0,3.8791967859751644,5.4,1
1287.0,3.879008838568298,5.4,1
1288.0,3.878820745069394,5.4,1
1289.0,3.8786325054784516,5.4,1
1290.0,3.8784441197954713,5.4,1
1291.0,3.878255588020453,5.4,1
1292.0,3.8780669101533967,5.4,1
1293.0,3.8778780861943023,5.4,1
1294.0,3.8776891161431704,5.4,1
1295.0,3.8775,5.4,1
1296.0,3.877310737764792,5.4,1
1297.0,3.8771213294375455,5.4,1
1298.0,3.8769317750182615,5.4,1
1299.0,3.8767420745069394,5.4,1
1300.0,3.8765522279035793,5.4,1
1301.0,3.8763622352081812,5.4,1
1302.0,3.876172096420745,5.4,1
1303.0,3.875981811541271,5.4,1
1304.0,3.875791380569759,5.4,1
1305.0,3.875600803506209,5.4,1
1306.0,3.875410080350621,5.4,1
1307.0,3.875219211102995,5.4,1
1308.0,3.875028195763331,5.4,1
1309.0,3.874837034331629,5.4,1
1310.0,3.874645726807889,5.4,1
1311.0,3.874454273192111,5.4,1
1312.0,3.8742626734842953,5.4,1
1313.0,3.8740709276844414,5.4,1
1314.0,3.8738790357925494,5.4,1
1315.0,3.8736869978086195,5.4,1
1316.0,3.8734948137326515,5.4,1
1317.0,3.873302483564646,5.4,1
1318.0,3.873110007304602,5.4,1
1319.0,3.8729173849525202,5.4,1
1320.0,3.8727246165084,5.4,1
1321.0,3.8725317019722425,5.4,1
1322.0,3.872338641344047,5.4,1
1323.0,3.872145434623813,5.4,1
1324.0,3.8719520818115414,5.4,1
1325.0,3.8717585829072316,5.4,1
1326.0,3.871564937910884,5.4,1
1327.0,3.871371146822498,5.4,1
1328.0,3.8711772096420747,5.4,1
1329.0,3.870983126369613,5.4,1
1330.0,3.8707888970051134,5.4,1
1331.0,3.8705945215485755,5.4,1
1332.0,3.8704,5.4,1
1333.0,3.8702053323593866,5.4,1
1334.0,3.870010518626735,5.4,1
1335.0,3.8698155588020455,5.4,1
1336.0,3.869620452885318,5.4,1
1337.0,3.8694252008765524,5.4,1
1338.0,3.869229802775749,5.4,1
1339.0,3.869034258582907,5.4,1
1340.0,3.8688385682980275,5.4,1
1341.0,3.8686427319211103,5.4,1
1342.0,3.868446749452155,5.4,1
1343.0,3.8682506208911613,5.4,1
1344.0,3.86805434623813,5.4,1
1345.0,3.8678579254930607,5.4,1
1346.0,3.8676613586559534,5.4,1
1347.0,3.867464645726808,5.4,1
1348.0,3.8672677867056247,5.4,1
1349.0,3.8670707815924033,5.4,1
1350.0,3.866873630387144,5.4,1
1351.0,3.866676333089847,5.4,1
1352.0,3.8664788897005113,5.4,1
1353.0,3.8662813002191383,5.4,1
1354.0,3.8660835646457268,5.4,1
1355.0,3.8658856829802777,5.4,1
1356.0,3.8656876552227906,5.4,1
1357.0,3.865489481373265,5.4,1
1358.0,3.865291161431702,5.4,1
1359.0,3.8650926953981006,5.4,1
1360.0,3.8648940832724614,5.4,1
1361.0,3.8646953250547846,5.4,1
1362.0,3.8644964207450694,5.4,1
1363.0,3.864297370343316,5.4,1
1364.0,3.8640981738495253,5.4,1
1365.0,3.863898831263696,5.4,1
1366.0,3.863699342585829,5.4,1
1367.0,3.863499707815924,5.4,1
1368.0,3.863299926953981,5.4,1
1369.0,3.8631,5.4,1
1370.0,3.862899926953981,5.4,1
1371.0,3.862699707815924,5.4,1
1372.0,3.862499342585829,5.4,1
1373.0,3.862298831263696,5.4,1
1374.0,3.862098173849525,5.4,1
1375.0,3.8618973703433164,5.4,1
1376.0,3.8616964207450692,5.4,1
1377.0,3.8614953250547845,5.4,1
1378.0,3.861294083272462,5.4,1
1379.0,3.8610926953981006,5.4,1
1380.0,3.860891161431702,5.4,1
1381.0,3.860689481373265,5.4,1
1382.0,3.8604876552227902,5.4,1
1383.0,3.8602856829802774,5.4,1
1384.0,3.860083564645727,5.4,1
1385.0,3.859881300219138,5.4,1
1386.0,3.859678889700511,5.4,1
1387.0,3.8594763330898467,5.4,1
1388.0,3.8592736303871438,5.4,1
1389.0,3.8590707815924032,5.4,1
1390.0,3.8588677867056247,5.4,1
1391.0,3.858664645726808,5.4,1
1392.0,3.858461358655953,5.4,1
1393.0,3.8582579254930605,5.4,1
1394.0,3.85805434623813,5.4,1
1395.0,3.8578506208911616,5.4,1
1396.0,3.857646749452155,5.4,1
1397.0,3.85744273192111,5.4,1
1398.0,3.857238568298028,5.4,1
1399.0,3.857034258582907,5.4,1
1400.0,3.856829802775749,5.4,1
1401.0,3.856625200876552,5.4,1
1402.0,3.8564204528853177,5.4,1
1403.0,3.8562155588020453,5.4,1
1404.0,3.856010518626735,5.4,1
1405.0,3.8558053323593864,5.4,1
1406.0,3.8556,5.4,1
1407.0,3.8553945215485754,5.4,1
1408.0,3.8551888970051134,5.4,1
1409.0,3.854983126369613,5.4,1
1410.0,3.8547772096420747,5.4,1
1411.0,3.854571146822498,5.4,1
1412.0,3.854364937910884,5.4,1
1413.0,3.854158582907232,5.4,1
1414.0,3.853952081811541,5.4,1
1415.0,3.853745434623813,5.4,1
1416.0,3.8535386413440467,5.4,1
1417.0,3.8533317019722424,5.4,1
1418.0,3.8531246165084,5.4,1
1419.0,3.8529173849525202,5.4,1
1420.0,3.852710007304602,5.4,1
1421.0,3.8525024835646455,5.4,1
1422.0,3.8522948137326516,5.4,1
1423.0,3.8520869978086196,5.4,1
1424.0,3.851879035792549,5.4,1
1425.0,3.851670927684441,5.4,1
1426.0,3.851462673484295,5.4,1
1427.0,3.851254273192111,5.4,1
1428.0,3.851045726807889,5.4,1
1429.0,3.850837034331629,5.4,1
1430.0,3.850628195763331,5.4,1
1431.0,3.850419211102995,5.4,1
1432.0,3.850210080350621,5.4,1
1433.0,3.8500008035062088,5.4,1
1434.0,3.849791380569759,5.4,1
1435.0,3.849581811541271,5.4,1
1436.0,3.849372096420745,5.4,1
1437.0,3.849162235208181,5.4,1
1438.0,3.8489522279035793,5.4,1
1439.0,3.8487420745069394,5.4,1
1440.0,3.8485317750182615,5.4,1
1441.0,3.8483213294375456,5.4,1
1442.0,3.8481107377647916,5.4,1
1443.0,3.8479,5.4,1
1444.0,3.84768911614317,5.4,1
1445.0,3.8474780861943025,5.4,1
1446.0,3.8472669101533965,5.4,1
1447.0,3.847055588020453,5.4,1
1448.0,3.8468441197954713,5.4,1
1449.0,3.8466325054784516,5.4,1
1450.0,3.846420745069394,5.4,1
1451.0,3.846208838568298,5.4,1
1452.0,3.8459967859751645,5.4,1
1453.0,3.8457845872899927,5.4,1
1454.0,3.845572242512783,5.4,1
1455.0,3.8453597516435356,5.4,1
1456.0,3.84514711468225,5.4,1
1457.0,3.8449343316289264,5.4,1
1458.0,3.8447214024835645,5.4,1
1459.0,3.844508327246165,5.4,1
1460.0,3.8442951059167276,5.4,1
1461.0,3.844081738495252,5.4,1
1462.0,3.8438682249817386,5.4,1
1463.0,3.843654565376187,5.4,1
1464.0,3.8434407596785976,5.4,1
1465.0,3.84322680788897,5.4,1
1466.0,3.8430127100073044,5.4,1
1467.0,3.842798466033601,5.4,1
1468.0,3.8425840759678596,5.4,1
1469.0,3.8423695398100803,5.4,1
1470.0,3.842154857560263,5.4,1
1471.0,3.8419400292184074,5.4,1
1472.0,3.841725054784514,5.4,1
1473.0,3.841509934258583,5.4,1
1474.0,3.8412946676406134,5.4,1
1475.0,3.841079254930606,5.4,1
1476.0,3.840863696128561,5.4,1
1477.0,3.8406479912344778,5.4,1
1478.0,3.8404321402483563,5.4,1
1479.0,3.8402161431701973,5.4,1
1480.0,3.84,5.4,1
1481.0,3.839783710737765,5.4,1
1482.0,3.8395672753834917,5.4,1
1483.0,3.83935069393718,5.4,1
1484.0,3.839133966398831,5.4,1
1485.0,3.838917092768444,5.4,1
1486.0,3.838700073046019,5.4,1
1487.0,3.838482907231556,5.4,1
1488.0,3.838265595325055,5.4,1
1489.0,3.8380481373265156,5.4,1
1490.0,3.837830533235939,5.4,1
1491.0,3.8376127830533235,5.4,1
1492.0,3.8373948867786707,5.4,1
1493.0,3.8371768444119794,5.4,1
1494.0,3.8369586559532505,5.4,1
1495.0,3.8367403214024836,5.4,1
1496.0,3.8365218407596786,5.4,1
1497.0,3.8363032140248357,5.4,1
1498.0,3.8360844411979547,5.4,1
1499.0,3.8358655222790357,5.4,1
1500.0,3.835646457268079,5.4,1
1501.0,3.835427246165084,5.4,1
1502.0,3.835207888970051,5.4,1
1503.0,3.8349883856829803,5.4,1
1504.0,3.8347687363038716,5.4,1
1505.0,3.8345489408327245,5.4,1
1506.0,3.8343289992695397,5.4,1
1507.0,3.834108911614317,5.4,1
1508.0,3.8338886778670562,5.4,1
1509.0,3.8336682980277574,5.4,1
1510.0,3.8334477720964206,5.4,1
1511.0,3.833227100073046,5.4,1
1512.0,3.8330062819576334,5.4,1
1513.0,3.8327853177501825,5.4,1
1514.0,3.832564207450694,5.4,1
1515.0,3.832342951059167,5.4,1
1516.0,3.8321215485756026,5.4,1
1517.0,3.8319,5.4,1
1518.0,3.8316783053323595,5.4,1
1519.0,3.831456464572681,5.4,1
1520.0,3.8312344777209644,5.4,1
1521.0,3.8310123447772098,5.4,1
1522.0,3.830790065741417,5.4,1
1523.0,3.8305676406135865,5.4,1
1524.0,3.830345069393718,5.4,1
1525.0,3.8301223520818115,5.4,1
1526.0,3.8298994886778672,5.4,1
1527.0,3.8296764791818845,5.4,1
1528.0,3.829453323593864,5.4,1
1529.0,3.829230021913806,5.4,1
1530.0,3.8290065741417094,5.4,1
1531.0,3.828782980277575,5.4,1
1532.0,3.8285592403214026,5.4,1
1533.0,3.828335354273192,5.4,1
1534.0,3.8281113221329437,5.4,1
1535.0,3.827887143900657,5.4,1
1536.0,3.827662819576333,5.4,1
1537.0,3.8274383491599706,5.4,1
1538.0,3.8272137326515705,5.4,1
1539.0,3.8269889700511324,5.4,1
1540.0,3.8267640613586558,5.4,1
1541.0,3.8265390065741416,5.4,1
1542.0,3.8263138056975894,5.4,1
1543.0,3.826088458728999,5.4,1
1544.0,3.825862965668371,5.4,1
1545.0,3.8256373265157047,5.4,1
1546.0,3.825411541271001,5.4,1
1547.0,3.8251856099342585,5.4,1
1548.0,3.8249595325054786,5.4,1
1549.0,3.8247333089846602,5.4,1
1550.0,3.8245069393718043,5.4,1
1551.0,3.8242804236669103,5.4,1
1552.0,3.824053761869978,5.4,1
1553.0,3.823826953981008,5.4,1
1554.0,3.8236,5.4,1
1555.0,3.823372899926954,5.4,1
1556.0,3.8231456537618698,5.4,1
1557.0,3.822918261504748,5.4,1
1558.0,3.822690723155588,5.4,1
1559.0,3.82246303871439,5.4,1
1560.0,3.822235208181154,5.4,1
1561.0,3.8220072315558804,5.4,1
1562.0,3.821779108838568,5.4,1
1563.0,3.8215508400292184,5.4,1
1564.0,3.8213224251278306,5.4,1
1565.0,3.8210938641344048,5.4,1
1566.0,3.820865157048941,5.4,1
1567.0,3.820636303871439,5.4,1
1568.0,3.820407304601899,5.4,1
1569.0,3.8201781592403212,5.4,1
1570.0,3.8199488677867057,5.4,1
1571.0,3.8197194302410518,5.4,1
1572.0,3.81948984660336,5.4,1
1573.0,3.81926011687363,5.4,1
1574.0,3.8190302410518626,5.4,1
1575.0,3.818800219138057,5.4,1
1576.0,3.8185700511322134,5.4,1
1577.0,3.8183397370343317,5.4,1
1578.0,3.818109276844412,5.4,1
1579.0,3.8178786705624543,5.4,1
1580.0,3.8176479181884586,5.4,1
1581.0,3.8174170197224253,5.4,1
1582.0,3.8171859751643535,5.4,1
1583.0,3.8169547845142437,5.4,1
1584.0,3.8167234477720964,5.4,1
1585.0,3.816491964937911,5.4,1
1586.0,3.8162603360116876,5.4,1
1587.0,3.8160285609934257,5.4,1
1588.0,3.8157966398831262,5.4,1
1589.0,3.8155645726807887,5.4,1
1590.0,3.8153323593864132,5.4,1
1591.0,3.8151,5.4,1
1592.0,3.8148674945215486,5.4,1
1593.0,3.814634842951059,5.4,1
1594.0,3.814402045288532,5.4,1
1595.0,3.8141691015339663,5.4,1
1596.0,3.813936011687363,5.4,1
1597.0,3.813702775748722,5.4,1
1598.0,3.8134693937180426,5.4,1
1599.0,3.813235865595325,5.4,1
1600.0,3.8130021913805696,5.4,1
1601.0,3.8127683710737763,5.4,1
1602.0,3.8125344046749454,5.4,1
1603.0,3.812300292184076,5.4,1
1604.0,3.8120660336011687,5.4,1
1605.0,3.8118316289262237,5.4,1
1606.0,3.8115970781592403,5.4,1
1607.0,3.8113623813002193,5.4,1
1608.0,3.81112753834916,5.4,1
1609.0,3.810892549306063,5.4,1
1610.0,3.8106574141709277,5.4,1
1611.0,3.8104221329437546,5.4,1
1612.0,3.8101867056245435,5.4,1
1613.0,3.8099511322132944,5.4,1
1614.0,3.8097154127100072,5.4,1
1615.0,3.809479547114682,5.4,1
1616.0,3.8092435354273193,5.4,1
1617.0,3.809007377647918,5.4,1
1618.0,3.8087710737764793,5.4,1
1619.0,3.808534623813002,5.4,1
1620.0,3.808298027757487,5.4,1
1621.0,3.8080612856099343,5.4,1
1622.0,3.8078243973703434,5.4,1
1623.0,3.8075873630387145,5.4,1
1624.0,3.8073501826150475,5.4,1
1625.0,3.8071128560993426,5.4,1
1626.0,3.8068753834915996,5.4,1
1627.0,3.806637764791819,5.4,1
1628.0,3.8064,5.4,1
1629.0,3.8061620891161434,5.4,1
1630.0,3.8059240321402483,5.4,1
1631.0,3.8056858290723157,5.4,1
1632.0,3.8054474799123446,5.4,1
1633.0,3.805208984660336,5.4,1
1634.0,3.804970343316289,5.4,1
1635.0,3.8047315558802044,5.4,1
1636.0,3.8044926223520816,5.4,1
1637.0,3.8042535427319213,5.4,1
1638.0,3.8040143170197225,5.4,1
1639.0,3.8037749452154856,5.4,1
1640.0,3.8035354273192112,5.4,1
1641.0,3.8032957633308984,5.4,1
1642.0,3.803055953250548,5.4,1
1643.0,3.8028159970781594,5.4,1
1644.0,3.8025758948137325,5.4,1
1645.0,3.802335646457268,5.4,1
1646.0,3.8020952520087654,5.4,1
1647.0,3.801854711468225,5.4,1
1648.0,3.8016140248356463,5.4,1
1649.0,3.80137319211103,5.4,1
1650.0,3.8011322132943755,5.4,1
1651.0,3.800891088385683,5.4,1
1652.0,3.8006498173849526,5.4,1
1653.0,3.8004084002921843,5.4,1
1654.0,3.8001668371073776,5.4,1
1655.0,3.7999251278305333,5.4,1
1656.0,3.799683272461651,5.4,1
1657.0,3.7994412710007306,5.4,1
1658.0,3.799199123447772,5.4,1
1659.0,3.798956829802776,5.4,1
1660.0,3.7987143900657414,5.4,1
1661.0,3.798471804236669,5.4,1
1662.0,3.798229072315559,5.4,1
1663.0,3.7979861943024105,5.4,1
1664.0,3.7977431701972244,5.4,1
1665.0,3.7975,5.4,1
1666.0,3.7972566837107378,5.4,1
1667.0,3.7970132213294376,5.4,1
1668.0,3.7967696128560995,5.4,1
1669.0,3.7965258582907233,5.4,1
1670.0,3.796281957633309,5.4,1
1671.0,3.796037910883857,5.4,1
1672.0,3.7957937180423666,5.4,1
1673.0,3.7955493791088384,5.4,1
1674.0,3.7953048940832725,5.4,1
1675.0,3.7950602629656682,5.4,1
1676.0,3.7948154857560263,5.4,1
1677.0,3.7945705624543464,5.4,1
1678.0,3.794325493060628,5.4,1
1679.0,3.794080277574872,5.4,1
1680.0,3.793834915997078,5.4,1
1681.0,3.793589408327246,5.4,1
1682.0,3.793343754565376,5.4,1
1683.0,3.793097954711468,5.4,1
1684.0,3.7928520087655224,5.4,1
1685.0,3.7926059167275383,5.4,1
1686.0,3.792359678597516,5.4,1
1687.0,3.7921132943754565,5.4,1
1688.0,3.791866764061359,5.4,1
1689.0,3.7916200876552226,5.4,1
1690.0,3.791373265157049,5.4,1
1691.0,3.791126296566837,5.4,1
1692.0,3.7908791818845873,5.4,1
1693.0,3.7906319211102995,5.4,1
1694.0,3.7903845142439736,5.4,1
1695.0,3.7901369612856097,5.4,1
1696.0,3.7898892622352083,5.4,1
1697.0,3.7896414170927684,5.4,1
1698.0,3.789393425858291,5.4,1
1699.0,3.789145288531775,5.4,1
1700.0,3.7888970051132214,5.4,1
1701.0,3.78864857560263,5.4,1
1702.0,3.7884,5.4,1
1703.0,3.788151278305332,5.4,1
1704.0,3.7879024105186265,5.4,1
1705.0,3.7876533966398833,5.4,1
1706.0,3.7874042366691016,5.4,1
1707.0,3.787154930606282,5.4,1
1708.0,3.7869054784514242,5.4,1
1709.0,3.786655880204529,5.4,1
1710.0,3.786406135865595,5.4,1
1711.0,3.786156245434624,5.4,1
1712.0,3.7859062089116144,5.4,1
1713.0,3.785656026296567,5.4,1
1714.0,3.785405697589481,5.4,1
1715.0,3.7851552227903578,5.4,1
1716.0,3.7849046018991963,5.4,1
1717.0,3.7846538349159973,5.4,1
1718.0,3.7844029218407598,5.4,1
1719.0,3.7841518626734842,5.4,1
1720.0,3.7839006574141707,5.4,1
1721.0,3.7836493060628196,5.4,1
1722.0,3.7833978086194304,5.4,1
1723.0,3.783146165084003,5.4,1
1724.0,3.7828943754565376,5.4,1
1725.0,3.7826424397370344,5.4,1
1726.0,3.782390357925493,5.4,1
1727.0,3.782138130021914,5.4,1
1728.0,3.7818857560262966,5.4,1
1729.0,3.7816332359386413,5.4,1
1730.0,3.781380569758948,5.4,1
1731.0,3.781127757487217,5.4,1
1732.0,3.7808747991234477,5.4,1
1733.0,3.7806216946676408,5.4,1
1734.0,3.7803684441197953,5.4,1
1735.0,3.7801150474799123,5.4,1
1736.0,3.7798615047479913,5.4,1
1737.0,3.7796078159240323,5.4,1
1738.0,3.779353981008035,5.4,1
1739.0,3.7791,5.4,1
1740.0,3.778845872899927,5.4,1
1741.0,3.778591599707816,5.4,1
1742.0,3.7783371804236667,5.4,1
1743.0,3.77808261504748,5.4,1
1744.0,3.777827903579255,5.4,1
1745.0,3.777573046018992,5.4,1
1746.0,3.7773180423666908,5.4,1
1747.0,3.777062892622352,5.4,1
1748.0,3.776807596785975,5.4,1
1749.0,3.7765521548575602,5.4,1
1750.0,3.7762965668371073,5.4,1
1751.0,3.7760408327246164,5.4,1
1752.0,3.7757849525200875,5.4,1
1753.0,3.775528926223521,5.4,1
1754.0,3.775272753834916,5.4,1
1755.0,3.775016435354273,5.4,1
1756.0,3.7747599707815924,5.4,1
1757.0,3.774503360116874,5.4,1
1758.0,3.7742466033601167,5.4,1
1759.0,3.773989700511322,5.4,1
1760.0,3.7737326515704894,5.4,1
1761.0,3.7734754565376187,5.4,1
1762.0,3.77321811541271,5.4,1
1763.0,3.7729606281957633,5.4,1
1764.0,3.7727029948867785,5.4,1
1765.0,3.772445215485756,5.4,1
1766.0,3.7721872899926954,5.4,1
1767.0,3.771929218407597,5.4,1
1768.0,3.77167100073046,5.4,1
1769.0,3.7714126369612857,5.4,1
1770.0,3.7711541271000733,5.4,1
1771.0,3.7708954711468223,5.4,1
1772.0,3.770636669101534,5.4,1
1773.0,3.7703777209642073,5.4,1
1774.0,3.7701186267348428,5.4,1
1775.0,3.7698593864134406,5.4,1
1776.0,3.7696,5.4,1
1777.0,3.7693404674945215,5.4,1
1778.0,3.7690807888970053,5.4,1
1779.0,3.7688209642074506,5.4,1
1780.0,3.7685609934258584,5.4,1
1781.0,3.7683008765522277,5.4,1
1782.0,3.7680406135865594,5.4,1
1783.0,3.767780204528853,5.4,1
1784.0,3.7675196493791088,5.4,1
1785.0,3.7672589481373264,5.4,1
1786.0,3.766998100803506,5.4,1
1787.0,3.766737107377648,5.4,1
1788.0,3.7664759678597517,5.4,1
1789.0,3.7662146822498173,5.4,1
1790.0,3.7659532505478452,5.4,1
1791.0,3.7656916727538348,5.4,1
1792.0,3.7654299488677867,5.4,1
1793.0,3.7651680788897006,5.4,1
1794.0,3.7649060628195765,5.4,1
1795.0,3.7646439006574144,5.4,1
1796.0,3.7643815924032142,5.4,1
1797.0,3.764119138056976,5.4,1
1798.0,3.7638565376187,5.4,1
1799.0,3.7635937910883857,5.4,1
1800.0,3.7633308984660334,5.4,1
1801.0,3.7630678597516436,5.4,1
1802.0,3.7628046749452153,5.4,1
1803.0,3.7625413440467494,5.4,1
1804.0,3.7622778670562456,5.4,1
1805.0,3.762014243973703,5.4,1
1806.0,3.7617504747991233,5.4,1
1807.0,3.7614865595325053,5.4,1
1808.0,3.7612224981738493,5.4,1
1809.0,3.7609582907231554,5.4,1
1810.0,3.7606939371804238,5.4,1
1811.0,3.7604294375456537,5.4,1
1812.0,3.7601647918188457,5.4,1
1813.0,3.7599,5.4,1
1814.0,3.7596350620891164,5.4,1
1815.0,3.759369978086194,5.4,1
1816.0,3.7591047479912345,5.4,1
1817.0,3.7588393718042368,5.4,1
1818.0,3.758573849525201,5.4,1
1819.0,3.7583081811541272,5.4,1
1820.0,3.7580423666910154,5.4,1
1821.0,3.7577764061358656,5.4,1
1822.0,3.7575102994886778,5.4,1
1823.0,3.7572440467494523,5.4,1
1824.0,3.7569776479181884,5.4,1
1825.0,3.7567111029948865,5.4,1
1826.0,3.756444411979547,5.4,1
1827.0,3.7561775748721695,5.4,1
1828.0,3.755910591672754,5.4,1
1829.0,3.7556434623813004,5.4,1
1830.0,3.7553761869978084,5.4,1
1831.0,3.7551087655222792,5.4,1
1832.0,3.7548411979547116,5.4,1
1833.0,3.754573484295106,5.4,1
1834.0,3.7543056245434623,5.4,1
1835.0,3.754037618699781,5.4,1
1836.0,3.7537694667640613,5.4,1
1837.0,3.753501168736304,5.4,1
1838.0,3.7532327246165083,5.4,1
1839.0,3.752964134404675,5.4,1
1840.0,3.7526953981008035,5.4,1
1841.0,3.752426515704894,5.4,1
1842.0,3.7521574872169468,5.4,1
1843.0,3.7518883126369613,5.4,1
1844.0,3.751618991964938,5.4,1
1845.0,3.7513495252008764,5.4,1
1846.0,3.7510799123447773,5.4,1
1847.0,3.75081015339664,5.4,1
1848.0,3.7505402483564647,5.4,1
1849.0,3.750270197224251,5.4,1
1850.0,3.75,5.4,1
1851.0,3.749729656683711,5.4,1
1852.0,3.7494591672753836,5.4,1
1853.0,3.7491885317750184,5.4,1
1854.0,3.748917750182615,5.4,1
1855.0,3.748646822498174,5.4,1
1856.0,3.7483757487216947,5.4,1
1857.0,3.7481045288531774,5.4,1
1858.0,3.7478331628926225,5.4,1
1859.0,3.747561650840029,5.4,1
1860.0,3.747289992695398,5.4,1
1861.0,3.7470181884587292,5.4,1
1862.0,3.746746238130022,5.4,1
1863.0,3.746474141709277,5.4,1
1864.0,3.746201899196494,5.4,1
1865.0,3.745929510591673,5.4,1
1866.0,3.7456569758948137,5.4,1
1867.0,3.7453842951059166,5.4,1
1868.0,3.745111468224982,5.4,1
1869.0,3.744838495252009,5.4,1
1870.0,3.7445653761869977,5.4,1
1871.0,3.744292111029949,5.4,1
1872.0,3.7440186997808618,5.4,1
1873.0,3.743745142439737,5.4,1
1874.0,3.743471439006574,5.4,1
1875.0,3.7431975894813734,5.4,1
1876.0,3.7429235938641345,5.4,1
1877.0,3.7426494521548577,5.4,1
1878.0,3.742375164353543,5.4,1
1879.0,3.74210073046019,5.4,1
1880.0,3.741826150474799,5.4,1
1881.0,3.7415514243973704,5.4,1
1882.0,3.7412765522279035,5.4,1
1883.0,3.741001533966399,5.4,1
1884.0,3.7407263696128563,5.4,1
1885.0,3.7404510591672753,5.4,1
1886.0,3.7401756026296566,5.4,1
1887.0,3.7399,5.4,1
1888.0,3.7396242512783053,5.4,1
1889.0,3.7393483564645726,5.4,1
1890.0,3.739072315558802,5.4,1
1891.0,3.7387961285609936,5.4,1
1892.0,3.738519795471147,5.4,1
1893.0,3.738243316289262,5.4,1
1894.0,3.7379666910153397,5.4,1
1895.0,3.7376899196493794,5.4,1
1896.0,3.7374130021913805,5.4,1
1897.0,3.737135938641344,5.4,1
1898.0,3.7368587289992696,5.4,1
1899.0,3.736581373265157,5.4,1
1900.0,3.7363038714390067,5.4,1
1901.0,3.736026223520818,5.4,1
1902.0,3.7357484295105916,5.4,1
1903.0,3.7354704894083275,5.4,1
1904.0,3.735192403214025,5.4,1
1905.0,3.7349141709276843,5.4,1
1906.0,3.734635792549306,5.4,1
1907.0,3.73435726807889,5.4,1
1908.0,3.7340785975164352,5.4,1
1909.0,3.733799780861943,5.4,1
1910.0,3.7335208181154127,5.4,1
1911.0,3.7332417092768444,5.4,1
1912.0,3.732962454346238,5.4,1
1913.0,3.7326830533235937,5.4,1
1914.0,3.732403506208912,5.4,1
1915.0,3.7321238130021914,5.4,1
1916.0,3.731843973703433,5.4,1
1917.0,3.731563988312637,5.4,1
1918.0,3.7312838568298026,5.4,1
1919.0,3.7310035792549305,5.4,1
1920.0,3.7307231555880205,5.4,1
1921.0,3.7304425858290724,5.4,1
1922.0,3.7301618699780863,5.4,1
1923.0,3.729881008035062,5.4,1
1924.0,3.7296,5.4,1
1925.0,3.7293188458729,5.4,1
1926.0,3.7290375456537617,5.4,1
1927.0,3.728756099342586,5.4,1
1928.0,3.7284745069393717,5.4,1
1929.0,3.72819276844412,5.4,1
1930.0,3.72791088385683,5.4,1
1931.0,3.7276288531775017,5.4,1
1932.0,3.727346676406136,5.4,1
1933.0,3.727064353542732,5.4,1
1934.0,3.72678188458729,5.4,1
1935.0,3.72649926953981,5.4,1
1936.0,3.726216508400292,5.4,1
1937.0,3.7259336011687365,5.4,1
1938.0,3.7256505478451425,5.4,1
1939.0,3.7253673484295105,5.4,1
1940.0,3.725084002921841,5.4,1
1941.0,3.724800511322133,5.4,1
1942.0,3.724516873630387,5.4,1
1943.0,3.7242330898466034,5.4,1
1944.0,3.7239491599707817,5.4,1
1945.0,3.723665084002922,5.4,1
1946.0,3.723380861943024,5.4,1
1947.0,3.7230964937910884,5.4,1
1948.0,3.7228119795471146,5.4,1
1949.0,3.7225273192111032,5.4,1
1950.0,3.7222425127830534,5.4,1
1951.0,3.7219575602629655,5.4,1
1952.0,3.72167246165084,5.4,1
1953.0,3.721387216946676,5.4,1
1954.0,3.7211018261504747,5.4,1
1955.0,3.720816289262235,5.4,1
1956.0,3.7205306062819576,5.4,1
1957.0,3.720244777209642,5.4,1
1958.0,3.7199588020452885,5.4,1
1959.0,3.719672680788897,5.4,1
1960.0,3.7193864134404673,5.4,1
1961.0,3.7191,5.4,1
1962.0,3.7188134404674944,5.4,1
1963.0,3.718526734842951,5.4,1
1964.0,3.7182398831263694,5.4,1
1965.0,3.71795288531775,5.4,1
1966.0,3.717665741417093,5.4,1
1967.0,3.7173784514243975,5.4,1
1968.0,3.717091015339664,5.4,1
1969.0,3.7168034331628927,5.4,1
1970.0,3.7165157048940833,5.4,1
1971.0,3.716227830533236,5.4,1
1972.0,3.7159398100803505,5.4,1
1973.0,3.7156516435354274,5.4,1
1974.0,3.715363330898466,5.4,1
1975.0,3.715074872169467,5.4,1
1976.0,3.7147862673484298,5.4,1
1977.0,3.714497516435354,5.4,1
1978.0,3.714208619430241,5.4,1
1979.0,3.71391957633309,5.4,1
1980.0,3.7136303871439007,5.4,1
1981.0,3.7133410518626735,5.4,1
1982.0,3.7130515704894083,5.4,1
1983.0,3.7127619430241054,5.4,1
1984.0,3.712472169466764,5.4,1
1985.0,3.712182249817385,5.4,1
1986.0,3.711892184075968,5.4,1
1987.0,3.7116019722425126,5.4,1
1988.0,3.7113116143170197,5.4,1
1989.0,3.711021110299489,5.4,1
1990.0,3.71073046018992,5.4,1
1991.0,3.7104396639883124,5.4,1
1992.0,3.710148721694668,5.4,1
1993.0,3.7098576333089848,5.4,1
1994.0,3.7095663988312637,5.4,1
1995.0,3.7092750182615046,5.4,1
1996.0,3.7089834915997075,5.4,1
1997.0,3.708691818845873,5.4,1
1998.0,3.7084,5.4,1
1999.0,3.708108035062089,5.4,1
2000.0,3.70781592403214,5.4,1
2001.0,3.7075236669101534,5.4,1
2002.0,3.7072312636961287,5.4,1
2003.0,3.706938714390066,5.4,1
2004.0,3.706646018991965,5.4,1
2005.0,3.706353177501826,5.4,1
2006.0,3.7060601899196493,5.4,1
2007.0,3.705767056245435,5.4,1
2008.0,3.705473776479182,5.4,1
2009.0,3.7051803506208913,5.4,1
2010.0,3.7048867786705624,5.4,1
2011.0,3.704593060628196,5.4,1
2012.0,3.7042991964937912,5.4,1
2013.0,3.7040051862673486,5.4,1
2014.0,3.7037110299488676,5.4,1
2015.0,3.7034167275383494,5.4,1
2016.0,3.7031222790357927,5.4,1
2017.0,3.702827684441198,5.4,1
2018.0,3.7025329437545653,5.4,1
2019.0,3.702238056975895,5.4,1
2020.0,3.7019430241051863,5.4,1
2021.0,3.70164784514244,5.4,1
2022.0,3.701352520087655,5.4,1
2023.0,3.7010570489408328,5.4,1
2024.0,3.7007614317019724,5.4,1
2025.0,3.700465668371074,5.4,1
2026.0,3.7001697589481375,5.4,1
2027.0,3.699873703433163,5.4,1
2028.0,3.6995775018261505,5.4,1
2029.0,3.6992811541271,5.4,1
2030.0,3.698984660336012,5.4,1
2031.0,3.6986880204528854,5.4,1
2032.0,3.698391234477721,5.4,1
2033.0,3.6980943024105186,5.4,1
2034.0,3.6977972242512784,5.4,1
2035.0,3.6975,5.4,1
2036.0,3.6972026296566836,5.4,1
2037.0,3.6969051132213293,5.4,1
2038.0,3.696607450693937,5.4,1
2039.0,3.6963096420745067,5.4,1
2040.0,3.696011687363039,5.4,1
2041.0,3.6957135865595325,5.4,1
2042.0,3.695415339663988,5.4,1
2043.0,3.6951169466764062,5.4,1
2044.0,3.694818407596786,5.4,1
2045.0,3.694519722425128,5.4,1
2046.0,3.694220891161432,5.4,1
2047.0,3.6939219138056973,5.4,1
2048.0,3.6936227903579253,5.4,1
2049.0,3.693323520818115,5.4,1
2050.0,3.693024105186267,5.4,1
2051.0,3.6927245434623814,5.4,1
2052.0,3.6924248356464573,5.4,1
2053.0,3.692124981738495,5.4,1
2054.0,3.6918249817384954,5.4,1
2055.0,3.691524835646457,5.4,1
2056.0,3.6912245434623814,5.4,1
2057.0,3.6909241051862676,5.4,1
2058.0,3.6906235208181153,5.4,1
2059.0,3.6903227903579254,5.4,1
2060.0,3.6900219138056976,5.4,1
2061.0,3.6897208911614316,5.4,1
2062.0,3.6894197224251277,5.4,1
2063.0,3.689118407596786,5.4,1
2064.0,3.6888169466764062,5.4,1
2065.0,3.6885153396639883,5.4,1
2066.0,3.6882135865595327,5.4,1
2067.0,3.6879116873630386,5.4,1
2068.0,3.687609642074507,5.4,1
2069.0,3.6873074506939374,5.4,1
2070.0,3.6870051132213293,5.4,1
2071.0,3.6867026296566836,5.4,1
2072.0,3.6864,5.4,1
2073.0,3.686097224251278,5.4,1
2074.0,3.6857943024105184,5.4,1
2075.0,3.685491234477721,5.4,1
2076.0,3.6851880204528853,5.4,1
2077.0,3.6848846603360115,5.4,1
2078.0,3.6845811541271,5.4,1
2079.0,3.68427750182615,5.4,1
2080.0,3.6839737034331628,5.4,1
2081.0,3.6836697589481373,5.4,1
2082.0,3.683365668371074,5.4,1
2083.0,3.6830614317019723,5.4,1
2084.0,3.682757048940833,5.4,1
2085.0,3.6824525200876552,5.4,1
2086.0,3.6821478451424396,5.4,1
2087.0,3.681843024105186,5.4,1
2088.0,3.681538056975895,5.4,1
2089.0,3.6812329437545652,5.4,1
2090.0,3.680927684441198,5.4,1
2091.0,3.6806222790357923,5.4,1
2092.0,3.680316727538349,5.4,1
2093.0,3.6800110299488678,5.4,1
2094.0,3.6797051862673484,5.4,1
2095.0,3.679399196493791,5.4,1
2096.0,3.6790930606281957,5.4,1
2097.0,3.6787867786705624,5.4,1
2098.0,3.678480350620891,5.4,1
2099.0,3.678173776479182,5.4,1
2100.0,3.6778670562454345,5.4,1
2101.0,3.6775601899196495,5.4,1
2102.0,3.677253177501826,5.4,1
2103.0,3.676946018991965,5.4,1
2104.0,3.676638714390066,5.4,1
2105.0,3.6763312636961287,5.4,1
2106.0,3.6760236669101536,5.4,1
2107.0,3.6757159240321404,5.4,1
2108.0,3.6754080350620892,5.4,1
2109.0,3.6751,5.4,1
2110.0,3.674791818845873,5.4,1
2111.0,3.674483491599708,5.4,1
2112.0,3.6741750182615047,5.4,1
2113.0,3.6738663988312634,5.4,1
2114.0,3.6735576333089845,5.4,1
2115.0,3.6732487216946677,5.4,1
2116.0,3.6729396639883127,5.4,1
2117.0,3.67263046018992,5.4,1
2118.0,3.672321110299489,5.4,1
2119.0,3.67201161431702,5.4,1
2120.0,3.671701972242513,5.4,1
2121.0,3.671392184075968,5.4,1
2122.0,3.6710822498173847,5.4,1
2123.0,3.670772169466764,5.4,1
2124.0,3.670461943024105,5.4,1
2125.0,3.6701515704894083,5.4,1
2126.0,3.6698410518626736,5.4,1
2127.0,3.6695303871439005,5.4,1
2128.0,3.6692195763330897,5.4,1
2129.0,3.668908619430241,5.4,1
2130.0,3.668597516435354,5.4,1
2131.0,3.6682862673484293,5.4,1
2132.0,3.667974872169467,5.4,1
2133.0,3.667663330898466,5.4,1
2134.0,3.667351643535427,5.4,1
2135.0,3.6670398100803507,5.4,1
2136.0,3.666727830533236,5.4,1
2137.0,3.6664157048940833,5.4,1
2138.0,3.6661034331628928,5.4,1
2139.0,3.6657910153396642,5.4,1
2140.0,3.665478451424397,5.4,1
2141.0,3.6651657414170926,5.4,1
2142.0,3.6648528853177504,5.4,1
2143.0,3.66453988312637,5.4,1
2144.0,3.664226734842951,5.4,1
2145.0,3.6639134404674945,5.4,1
2146.0,3.6636,5.4,1
2147.0,3.6632864134404675,5.4,1
2148.0,3.662972680788897,5.4,1
2149.0,3.6626588020452884,5.4,1
2150.0,3.662344777209642,5.4,1
2151.0,3.6620306062819576,5.4,1
2152.0,3.6617162892622352,5.4,1
2153.0,3.661401826150475,5.4,1
2154.0,3.6610872169466764,5.4,1
2155.0,3.66077246165084,5.4,1
2156.0,3.6604575602629654,5.4,1
2157.0,3.6601425127830534,5.4,1
2158.0,3.659827319211103,5.4,1
2159.0,3.6595119795471147,5.4,1
2160.0,3.6591964937910886,5.4,1
2161.0,3.658880861943024,5.4,1
2162.0,3.658565084002922,5.4,1
2163.0,3.6582491599707816,5.4,1
2164.0,3.6579330898466034,5.4,1
2165.0,3.657616873630387,5.4,1
2166.0,3.657300511322133,5.4,1
2167.0,3.6569840029218406,5.4,1
2168.0,3.6566673484295107,5.4,1
2169.0,3.6563505478451424,5.4,1
2170.0,3.6560336011687364,5.4,1
2171.0,3.655716508400292,5.4,1
2172.0,3.65539926953981,5.4,1
2173.0,3.65508188458729,5.4,1
2174.0,3.654764353542732,5.4,1
2175.0,3.6544466764061356,5.4,1
2176.0,3.654128853177502,5.4,1
2177.0,3.65381088385683,5.4,1
2178.0,3.65349276844412,5.4,1
2179.0,3.6531745069393717,5.4,1
2180.0,3.652856099342586,5.4,1
2181.0,3.652537545653762,5.4,1
2182.0,3.6522188458729,5.4,1
2183.0,3.6519,5.4,1
2184.0,3.651581008035062,5.4,1
2185.0,3.6512618699780863,5.4,1
2186.0,3.6509425858290725,5.4,1
2187.0,3.6506231555880206,5.4,1
2188.0,3.6503035792549308,5.4,1
2189.0,3.649983856829803,5.4,1
2190.0,3.649663988312637,5.4,1
2191.0,3.6493439737034334,5.4,1
2192.0,3.6490238130021915,5.4,1
2193.0,3.6487035062089115,5.4,1
2194.0,3.648383053323594,5.4,1
2195.0,3.648062454346238,5.4,1
2196.0,3.6477417092768443,5.4,1
2197.0,3.6474208181154126,5.4,1
2198.0,3.647099780861943,5.4,1
2199.0,3.6467785975164353,5.4,1
2200.0,3.6464572680788896,5.4,1
2201.0,3.646135792549306,5.4,1
2202.0,3.6458141709276846,5.4,1
2203.0,3.645492403214025,5.4,1
2204.0,3.6451704894083274,5.4,1
2205.0,3.6448484295105916,5.4,1
2206.0,3.6445262235208182,5.4,1
2207.0,3.6442038714390064,5.4,1
2208.0,3.643881373265157,5.4,1
2209.0,3.6435587289992695,5.4,1
2210.0,3.643235938641344,5.4,1
2211.0,3.6429130021913805,5.4,1
2212.0,3.642589919649379,5.4,1
2213.0,3.64226669101534,5.4,1
2214.0,3.6419433162892623,5.4,1
2215.0,3.6416197954711467,5.4,1
2216.0,3.6412961285609935,5.4,1
2217.0,3.640972315558802,5.4,1
2218.0,3.6406483564645726,5.4,1
2219.0,3.6403242512783054,5.4,1
2220.0,3.64,5.4,1
2221.0,3.639675602629657,5.4,1
2222.0,3.6393510591672755,5.4,1
2223.0,3.639026369612856,5.4,1
2224.0,3.638701533966399,5.4,1
2225.0,3.6383765522279035,5.4,1
2226.0,3.6380514243973705,5.4,1
2227.0,3.637726150474799,5.4,1
2228.0,3.63740073046019,5.4,1
2229.0,3.6370751643535426,5.4,1
2230.0,3.6367494521548576,5.4,1
2231.0,3.6364235938641345,5.4,1
2232.0,3.6360975894813734,5.4,1
2233.0,3.6357714390065743,5.4,1
2234.0,3.635445142439737,5.4,1
2235.0,3.635118699780862,5.4,1
2236.0,3.634792111029949,5.4,1
2237.0,3.6344653761869976,5.4,1
2238.0,3.634138495252009,5.4,1
2239.0,3.6338114682249816,5.4,1
2240.0,3.6334842951059168,5.4,1
2241.0,3.6331569758948135,5.4,1
2242.0,3.6328295105916726,5.4,1
2243.0,3.6325018991964937,5.4,1
2244.0,3.6321741417092768,5.4,1
2245.0,3.631846238130022,5.4,1
2246.0,3.631518188458729,5.4,1
2247.0,3.631189992695398,5.4,1
2248.0,3.6308616508400293,5.4,1
2249.0,3.6305331628926223,5.4,1
2250.0,3.6302045288531777,5.4,1
2251.0,3.6298757487216946,5.4,1
2252.0,3.629546822498174,5.4,1
2253.0,3.6292177501826153,5.4,1
2254.0,3.628888531775018,5.4,1
2255.0,3.6285591672753834,5.4,1
2256.0,3.6282296566837107,5.4,1
2257.0,3.6279,5.4,1
2258.0,3.627570197224251,5.4,1
2259.0,3.6272402483564647,5.4,1
2260.0,3.62691015339664,5.4,1
2261.0,3.626579912344777,5.4,1
2262.0,3.6262495252008766,5.4,1
2263.0,3.625918991964938,5.4,1
2264.0,3.6255883126369612,5.4,1
2265.0,3.6252574872169467,5.4,1
2266.0,3.624926515704894,5.4,1
2267.0,3.6245953981008037,5.4,1
2268.0,3.624264134404675,5.4,1
2269.0,3.6239327246165085,5.4,1
2270.0,3.623601168736304,5.4,1
2271.0,3.6232694667640613,5.4,1
2272.0,3.622937618699781,5.4,1
2273.0,3.6226056245434624,5.4,1
2274.0,3.622273484295106,5.4,1
2275.0,3.6219411979547114,5.4,1
2276.0,3.621608765522279,5.4,1
2277.0,3.6212761869978087,5.4,1
2278.0,3.6209434623813,5.4,1
2279.0,3.6206105916727536,5.4,1
2280.0,3.6202775748721696,5.4,1
2281.0,3.619944411979547,5.4,1
2282.0,3.6196111029948868,5.4,1
2283.0,3.6192776479181883,5.4,1
2284.0,3.6189440467494522,5.4,1
2285.0,3.6186102994886777,5.4,1
2286.0,3.6182764061358657,5.4,1
2287.0,3.6179423666910155,5.4,1
2288.0,3.617608181154127,5.4,1
2289.0,3.617273849525201,5.4,1
2290.0,3.6169393718042366,5.4,1
2291.0,3.6166047479912344,5.4,1
2292.0,3.616269978086194,5.4,1
2293.0,3.615935062089116,5.4,1
2294.0,3.6156,5.4,1
2295.0,3.615264791818846,5.4,1
2296.0,3.614929437545654,5.4,1
2297.0,3.6145939371804237,5.4,1
2298.0,3.6142582907231557,5.4,1
2299.0,3.6139224981738494,5.4,1
2300.0,3.6135865595325054,5.4,1
2301.0,3.6132504747991234,5.4,1
2302.0,3.6129142439737034,5.4,1
2303.0,3.6125778670562454,5.4,1
2304.0,3.6122413440467493,5.4,1
2305.0,3.6119046749452157,5.4,1
2306.0,3.6115678597516436,5.4,1
2307.0,3.6112308984660335,5.4,1
2308.0,3.610893791088386,5.4,1
2309.0,3.6105565376186997,5.4,1
2310.0,3.610219138056976,5.4,1
2311.0,3.609881592403214,5.4,1
2312.0,3.6095439006574144,5.4,1
2313.0,3.609206062819576,5.4,1
2314.0,3.6088680788897003,5.4,1
2315.0,3.608529948867787,5.4,1
2316.0,3.608191672753835,5.4,1
2317.0,3.607853250547845,5.4,1
2318.0,3.607514682249817,5.4,1
2319.0,3.6071759678597517,5.4,1
2320.0,3.6068371073776477,5.4,1
2321.0,3.606498100803506,5.4,1
2322.0,3.6061589481373266,5.4,1
2323.0,3.605819649379109,5.4,1
2324.0,3.605480204528853,5.4,1
2325.0,3.6051406135865594,5.4,1
2326.0,3.6048008765522277,5.4,1
2327.0,3.6044609934258585,5.4,1
2328.0,3.6041209642074508,5.4,1
2329.0,3.603780788897005,5.4,1
2330.0,3.6034404674945213,5.4,1
2331.0,3.6031,5.4,1
2332.0,3.6027593864134406,5.4,1
2333.0,3.602418626734843,5.4,1
2334.0,3.6020777209642074,5.4,1
2335.0,3.601736669101534,5.4,1
2336.0,3.6013954711468226,5.4,1
2337.0,3.601054127100073,5.4,1
2338.0,3.6007126369612856,5.4,1
2339.0,3.60037100073046,5.4,1
2340.0,3.600029218407597,5.4,1
2341.0,3.5996872899926955,5.4,1
2342.0,3.599345215485756,5.4,1
2343.0,3.5990029948867788,5.4,1
2344.0,3.5986606281957636,5.4,1
2345.0,3.59831811541271,5.4,1
2346.0,3.5979754565376187,5.4,1
2347.0,3.5976326515704895,5.4,1
2348.0,3.5972897005113222,5.4,1
2349.0,3.596946603360117,5.4,1
2350.0,3.5966033601168736,5.4,1
2351.0,3.5962599707815923,5.4,1
2352.0,3.5959164353542734,5.4,1
2353.0,3.595572753834916,5.4,1
2354.0,3.5952289262235206,5.4,1
2355.0,3.5948849525200877,5.4,1
2356.0,3.5945408327246167,5.4,1
2357.0,3.594196566837107,5.4,1
2358.0,3.59385215485756,5.4,1
2359.0,3.593507596785975,5.4,1
2360.0,3.593162892622352,5.4,1
2361.0,3.592818042366691,5.4,1
2362.0,3.5924730460189918,5.4,1
2363.0,3.592127903579255,5.4,1
2364.0,3.59178261504748,5.4,1
2365.0,3.591437180423667,5.4,1
2366.0,3.591091599707816,5.4,1
2367.0,3.590745872899927,5.4,1
2368.0,3.5904,5.4,1
2369.0,3.590053981008035,5.4,1
2370.0,3.589707815924032,5.4,1
2371.0,3.589361504747991,5.4,1
2372.0,3.5890150474799123,5.4,1
2373.0,3.5886684441197954,5.4,1
2374.0,3.5883216946676404,5.4,1
2375.0,3.587974799123448,5.4,1
2376.0,3.587627757487217,5.4,1
2377.0,3.5872805697589483,5.4,1
2378.0,3.586933235938641,5.4,1
2379.0,3.5865857560262966,5.4,1
2380.0,3.586238130021914,5.4,1
2381.0,3.5858903579254933,5.4,1
2382.0,3.5855424397370346,5.4,1
2383.0,3.5851943754565374,5.4,1
2384.0,3.584846165084003,5.4,1
2385.0,3.5844978086194303,5.4,1
2386.0,3.5841493060628196,5.4,1
2387.0,3.583800657414171,5.4,1
2388.0,3.5834518626734844,5.4,1
2389.0,3.5831029218407595,5.4,1
2390.0,3.582753834915997,5.4,1
2391.0,3.5824046018991966,5.4,1
2392.0,3.582055222790358,5.4,1
2393.0,3.581705697589481,5.4,1
2394.0,3.5813560262965667,5.4,1
2395.0,3.581006208911614,5.4,1
2396.0,3.5806562454346236,5.4,1
2397.0,3.5803061358655954,5.4,1
2398.0,3.579955880204529,5.4,1
2399.0,3.579605478451424,5.4,1
2400.0,3.579254930606282,5.4,1
2401.0,3.5789042366691017,5.4,1
2402.0,3.578553396639883,5.4,1
2403.0,3.5782024105186268,5.4,1
2404.0,3.5778512783053324,5.4,1
2405.0,3.5775,5.4,1
2406.0,3.5771485756026298,5.4,1
2407.0,3.5767970051132214,5.4,1
2408.0,3.576445288531775,5.4,1
2409.0,3.5760934258582906,5.4,1
2410.0,3.5757414170927686,5.4,1
2411.0,3.575389262235208,5.4,1
2412.0,3.57503696128561,5.4,1
2413.0,3.5746845142439736,5.4,1
2414.0,3.5743319211102995,5.4,1
2415.0,3.5739791818845874,5.4,1
2416.0,3.5736262965668373,5.4,1
2417.0,3.573273265157049,5.4,1
2418.0,3.572920087655223,5.4,1
2419.0,3.5725667640613588,5.4,1
2420.0,3.5722132943754565,5.4,1
2421.0,3.5718596785975163,5.4,1
2422.0,3.5715059167275385,5.4,1
2423.0,3.571152008765522,5.4,1
2424.0,3.5707979547114683,5.4,1
2425.0,3.5704437545653764,5.4,1
2426.0,3.570089408327246,5.4,1
2427.0,3.569734915997078,5.4,1
2428.0,3.569380277574872,5.4,1
2429.0,3.569025493060628,5.4,1
2430.0,3.568670562454346,5.4,1
2431.0,3.568315485756026,5.4,1
2432.0,3.5679602629656686,5.4,1
2433.0,3.5676048940832725,5.4,1
2434.0,3.5672493791088384,5.4,1
2435.0,3.5668937180423668,5.4,1
2436.0,3.5665379108838566,5.4,1
2437.0,3.566181957633309,5.4,1
2438.0,3.565825858290723,5.4,1
2439.0,3.5654696128560994,5.4,1
2440.0,3.5651132213294376,5.4,1
2441.0,3.564756683710738,5.4,1
2442.0,3.5644,5.4,1
2443.0,3.564043170197224,5.4,1
2444.0,3.5636861943024103,5.4,1
2445.0,3.563329072315559,5.4,1
2446.0,3.562971804236669,5.4,1
2447.0,3.5626143900657414,5.4,1
2448.0,3.562256829802776,5.4,1
2449.0,3.561899123447772,5.4,1
2450.0,3.5615412710007304,5.4,1
2451.0,3.561183272461651,5.4,1
2452.0,3.560825127830533,5.4,1
2453.0,3.5604668371073775,5.4,1
2454.0,3.560108400292184,5.4,1
2455.0,3.5597498173849527,5.4,1
2456.0,3.559391088385683,5.4,1
2457.0,3.5590322132943752,5.4,1
2458.0,3.55867319211103,5.4,1
2459.0,3.5583140248356466,5.4,1
2460.0,3.557954711468225,5.4,1
2461.0,3.5575952520087655,5.4,1
2462.0,3.557235646457268,5.4,1
2463.0,3.5568758948137327,5.4,1
2464.0,3.5565159970781592,5.4,1
2465.0,3.556155953250548,5.4,1
2466.0,3.5557957633308988,5.4,1
2467.0,3.5554354273192113,5.4,1
2468.0,3.5550749452154857,5.4,1
2469.0,3.5547143170197226,5.4,1
2470.0,3.554353542731921,5.4,1
2471.0,3.553992622352082,5.4,1
2472.0,3.5536315558802047,5.4,1
2473.0,3.5532703433162895,5.4,1
2474.0,3.552908984660336,5.4,1
2475.0,3.5525474799123447,5.4,1
2476.0,3.5521858290723154,5.4,1
2477.0,3.551824032140248,5.4,1
2478.0,3.5514620891161433,5.4,1
2479.0,3.5511,5.4,1
2480.0,3.550737764791819,5.4,1
2481.0,3.5503753834915996,5.4,1
2482.0,3.5500128560993427,5.4,1
2483.0,3.5496501826150473,5.4,1
2484.0,3.5492873630387143,5.4,1
2485.0,3.5489243973703433,5.4,1
2486.0,3.5485612856099342,5.4,1
2487.0,3.548198027757487,5.4,1
2488.0,3.547834623813002,5.4,1
2489.0,3.547471073776479,5.4,1
2490.0,3.5471073776479183,5.4,1
2491.0,3.546743535427319,5.4,1
2492.0,3.5463795471146824,5.4,1
2493.0,3.546015412710007,5.4,1
2494.0,3.5456511322132944,5.4,1
2495.0,3.5452867056245436,5.4,1
2496.0,3.5449221329437544,5.4,1
2497.0,3.5445574141709275,5.4,1
2498.0,3.5441925493060626,5.4,1
2499.0,3.54382753834916,5.4,1
2500.0,3.5434623813002193,5.4,1
2501.0,3.5430970781592404,5.4,1
2502.0,3.5427316289262234,5.4,1
2503.0,3.542366033601169,5.4,1
2504.0,3.542000292184076,5.4,1
2505.0,3.5416344046749453,5.4,1
2506.0,3.5412683710737767,5.4,1
2507.0,3.54090219138057,5.4,1
2508.0,3.540535865595325,5.4,1
2509.0,3.5401693937180423,5.4,1
2510.0,3.5398027757487216,5.4,1
2511.0,3.5394360116873633,5.4,1
2512.0,3.5390691015339666,5.4,1
2513.0,3.538702045288532,5.4,1
2514.0,3.538334842951059,5.4,1
2515.0,3.5379674945215487,5.4,1
2516.0,3.5376,5.4,1
2517.0,3.5372323593864134,5.4,1
2518.0,3.536864572680789,5.4,1
2519.0,3.536496639883126,5.4,1
2520.0,3.5361285609934257,5.4,1
2521.0,3.535760336011687,5.4,1
2522.0,3.5353919649379106,5.4,1
2523.0,3.5350234477720965,5.4,1
2524.0,3.534654784514244,5.4,1
2525.0,3.5342859751643534,5.4,1
2526.0,3.5339170197224252,5.4,1
2527.0,3.5335479181884586,5.4,1
2528.0,3.5331786705624544,5.4,1
2529.0,3.532809276844412,5.4,1
2530.0,3.5324397370343315,5.4,1
2531.0,3.532070051132213,5.4,1
2532.0,3.531700219138057,5.4,1
2533.0,3.5313302410518626,5.4,1
2534.0,3.53096011687363,5.4,1
2535.0,3.5305898466033603,5.4,1
2536.0,3.530219430241052,5.4,1
2537.0,3.5298488677867055,5.4,1
2538.0,3.5294781592403215,5.4,1
2539.0,3.529107304601899,5.4,1
2540.0,3.528736303871439,5.4,1
2541.0,3.528365157048941,5.4,1
2542.0,3.527993864134405,5.4,1
2543.0,3.5276224251278308,5.4,1
2544.0,3.5272508400292186,5.4,1
2545.0,3.5268791088385685,5.4,1
2546.0,3.5265072315558803,5.4,1
2547.0,3.526135208181154,5.4,1
2548.0,3.5257630387143903,5.4,1
2549.0,3.525390723155588,5.4,1
2550.0,3.525018261504748,5.4,1
2551.0,3.52464565376187,5.4,1
2552.0,3.524272899926954,5.4,1
2553.0,3.5239000000000003,5.4,1
2554.0,3.523526953981008,5.4,1
2555.0,3.523153761869978,5.4,1
2556.0,3.52278042366691,5.4,1
2557.0,3.522406939371804,5.4,1
2558.0,3.5220333089846605,5.4,1
2559.0,3.5216595325054785,5.4,1
2560.0,3.5212856099342584,5.4,1
2561.0,3.520911541271001,5.4,1
2562.0,3.5205373265157047,5.4,1
2563.0,3.520162965668371,5.4,1
2564.0,3.5197884587289994,5.4,1
2565.0,3.5194138056975897,5.4,1
2566.0,3.5190390065741415,5.4,1
2567.0,3.518664061358656,5.4,1
2568.0,3.518288970051132,5.4,1
2569.0,3.5179137326515706,5.4,1
2570.0,3.5175383491599708,5.4,1
2571.0,3.517162819576333,5.4,1
2572.0,3.5167871439006575,5.4,1
2573.0,3.5164113221329436,5.4,1
2574.0,3.516035354273192,5.4,1
2575.0,3.5156592403214026,5.4,1
2576.0,3.5152829802775747,5.4,1
2577.0,3.514906574141709,5.4,1
2578.0,3.5145300219138056,5.4,1
2579.0,3.514153323593864,5.4,1
2580.0,3.5137764791818844,5.4,1
2581.0,3.513399488677867,5.4,1
2582.0,3.5130223520818116,5.4,1
2583.0,3.512645069393718,5.4,1
2584.0,3.5122676406135867,5.4,1
2585.0,3.511890065741417,5.4,1
2586.0,3.5115123447772096,5.4,1
2587.0,3.5111344777209643,5.4,1
2588.0,3.510756464572681,5.4,1
2589.0,3.5103783053323596,5.4,1
2590.0,3.5100000000000002,5.4,1
2591.0,3.509621548575603,5.4,1
2592.0,3.5092429510591674,5.4,1
2593.0,3.508864207450694,5.4,1
2594.0,3.508485317750183,5.4,1
2595.0,3.5081062819576334,5.4,1
2596.0,3.507727100073046,5.4,1
2597.0,3.507347772096421,5.4,1
2598.0,3.5069682980277577,5.4,1
2599.0,3.506588677867056,5.4,1
2600.0,3.506208911614317,5.4,1
2601.0,3.5058289992695397,5.4,1
2602.0,3.5054489408327245,5.4,1
2603.0,3.5050687363038713,5.4,1
2604.0,3.5046883856829805,5.4,1
2605.0,3.504307888970051,5.4,1
2606.0,3.503927246165084,5.4,1
2607.0,3.503546457268079,5.4,1
2608.0,3.5031655222790357,5.4,1
2609.0,3.5027844411979547,5.4,1
2610.0,3.502403214024836,5.4,1
2611.0,3.502021840759679,5.4,1
2612.0,3.5016403214024834,5.4,1
2613.0,3.5012586559532504,5.4,1
2614.0,3.5008768444119793,5.4,1
2615.0,3.5004948867786707,5.4,1
2616.0,3.5001127830533236,5.4,1
2617.0,3.4997305332359385,5.4,1
2618.0,3.499348137326516,5.4,1
2619.0,3.4989655953250547,5.4,1
2620.0,3.498582907231556,5.4,1
2621.0,3.4982000730460188,5.4,1
2622.0,3.497817092768444,5.4,1
2623.0,3.497433966398831,5.4,1
2624.0,3.4970506939371804,5.4,1
2625.0,3.4966672753834915,5.4,1
2626.0,3.4962837107377647,5.4,1
2627.0,3.4959,5.4,1
2628.0,3.4955161431701973,5.4,1
2629.0,3.4951321402483564,5.4,1
2630.0,3.494747991234478,5.4,1
2631.0,3.494363696128561,5.4,1
2632.0,3.4939792549306063,5.4,1
2633.0,3.4935946676406138,5.4,1
2634.0,3.4932099342585827,5.4,1
2635.0,3.492825054784514,5.4,1
2636.0,3.4924400292184075,5.4,1
2637.0,3.492054857560263,5.4,1
2638.0,3.49166953981008,5.4,1
2639.0,3.49128407596786,5.4,1
2640.0,3.490898466033601,5.4,1
2641.0,3.4905127100073043,5.4,1
2642.0,3.49012680788897,5.4,1
2643.0,3.4897407596785976,5.4,1
2644.0,3.489354565376187,5.4,1
2645.0,3.4889682249817384,5.4,1
2646.0,3.488581738495252,5.4,1
2647.0,3.4881951059167275,5.4,1
2648.0,3.487808327246165,5.4,1
2649.0,3.4874214024835646,5.4,1
2650.0,3.487034331628926,5.4,1
2651.0,3.48664711468225,5.4,1
2652.0,3.4862597516435354,5.4,1
2653.0,3.485872242512783,5.4,1
2654.0,3.4854845872899927,5.4,1
2655.0,3.4850967859751645,5.4,1
2656.0,3.484708838568298,5.4,1
2657.0,3.4843207450693936,5.4,1
2658.0,3.4839325054784513,5.4,1
2659.0,3.483544119795471,5.4,1
2660.0,3.4831555880204528,5.4,1
2661.0,3.482766910153397,5.4,1
2662.0,3.4823780861943026,5.4,1
2663.0,3.48198911614317,5.4,1
2664.0,3.4816000000000003,5.4,1
2665.0,3.481210737764792,5.4,1
2666.0,3.480821329437546,5.4,1
2667.0,3.4804317750182614,5.4,1
2668.0,3.4800420745069394,5.4,1
2669.0,3.4796522279035793,5.4,1
2670.0,3.4792622352081812,5.4,1
2671.0,3.478872096420745,5.4,1
2672.0,3.478481811541271,5.4,1
2673.0,3.478091380569759,5.4,1
2674.0,3.477700803506209,5.4,1
2675.0,3.477310080350621,5.4,1
2676.0,3.4769192111029947,5.4,1
2677.0,3.476528195763331,5.4,1
2678.0,3.4761370343316287,5.4,1
2679.0,3.475745726807889,5.4,1
2680.0,3.475354273192111,5.4,1
2681.0,3.474962673484295,5.4,1
2682.0,3.474570927684441,5.4,1
2683.0,3.4741790357925493,5.4,1
2684.0,3.4737869978086193,5.4,1
2685.0,3.473394813732652,5.4,1
2686.0,3.473002483564646,5.4,1
2687.0,3.472610007304602,5.4,1
2688.0,3.47221738495252,5.4,1
2689.0,3.4718246165084,5.4,1
2690.0,3.4714317019722425,5.4,1
2691.0,3.471038641344047,5.4,1
2692.0,3.470645434623813,5.4,1
2693.0,3.470252081811541,5.4,1
2694.0,3.4698585829072317,5.4,1
2695.0,3.469464937910884,5.4,1
2696.0,3.469071146822498,5.4,1
2697.0,3.4686772096420744,5.4,1
2698.0,3.468283126369613,5.4,1
2699.0,3.467888897005113,5.4,1
2700.0,3.4674945215485757,5.4,1
2701.0,3.4671000000000003,5.4,1
2702.0,3.4667053323593864,5.4,1
2703.0,3.466310518626735,5.4,1
2704.0,3.4659155588020454,5.4,1
2705.0,3.465520452885318,5.4,1
2706.0,3.4651252008765523,5.4,1
2707.0,3.4647298027757487,5.4,1
2708.0,3.464334258582907,5.4,1
2709.0,3.463938568298028,5.4,1
2710.0,3.4635427319211103,5.4,1
2711.0,3.463146749452155,5.4,1
2712.0,3.4627506208911614,5.4,1
2713.0,3.46235434623813,5.4,1
2714.0,3.461957925493061,5.4,1
2715.0,3.461561358655953,5.4,1
2716.0,3.4611646457268077,5.4,1
2717.0,3.4607677867056243,5.4,1
2718.0,3.4603707815924034,5.4,1
2719.0,3.459973630387144,5.4,1
2720.0,3.4595763330898466,5.4,1
2721.0,3.459178889700511,5.4,1
2722.0,3.458781300219138,5.4,1
2723.0,3.4583835646457266,5.4,1
2724.0,3.4579856829802775,5.4,1
2725.0,3.4575876552227904,5.4,1
2726.0,3.4571894813732653,5.4,1
2727.0,3.4567911614317017,5.4,1
2728.0,3.456392695398101,5.4,1
2729.0,3.4559940832724614,5.4,1
2730.0,3.4555953250547846,5.4,1
2731.0,3.4551964207450694,5.4,1
2732.0,3.454797370343316,5.4,1
2733.0,3.4543981738495253,5.4,1
2734.0,3.453998831263696,5.4,1
2735.0,3.453599342585829,5.4,1
2736.0,3.453199707815924,5.4,1
2737.0,3.452799926953981,5.4,1
2738.0,3.4524,5.4,1
2739.0,3.451999926953981,5.4,1
2740.0,3.451599707815924,5.4,1
2741.0,3.451199342585829,5.4,1
2742.0,3.450798831263696,5.4,1
2743.0,3.4503981738495253,5.4,1
2744.0,3.449997370343316,5.4,1
2745.0,3.4495964207450696,5.4,1
2746.0,3.4491953250547844,5.4,1
2747.0,3.4487940832724617,5.4,1
2748.0,3.448392695398101,5.4,1
2749.0,3.447991161431702,5.4,1
2750.0,3.4475894813732655,5.4,1
2751.0,3.4471876552227902,5.4,1
2752.0,3.446785682980278,5.4,1
2753.0,3.446383564645727,5.4,1
2754.0,3.445981300219138,5.4,1
2755.0,3.4455788897005113,5.4,1
2756.0,3.4451763330898464,5.4,1
2757.0,3.444773630387144,5.4,1
2758.0,3.4443707815924034,5.4,1
2759.0,3.4439677867056244,5.4,1
2760.0,3.443564645726808,5.4,1
2761.0,3.4431613586559533,5.4,1
2762.0,3.4427579254930607,5.4,1
2763.0,3.44235434623813,5.4,1
2764.0,3.4419506208911614,5.4,1
2765.0,3.4415467494521548,5.4,1
2766.0,3.4411427319211105,5.4,1
2767.0,3.440738568298028,5.4,1
2768.0,3.440334258582907,5.4,1
2769.0,3.439929802775749,5.4,1
2770.0,3.4395252008765524,5.4,1
2771.0,3.4391204528853176,5.4,1
2772.0,3.4387155588020453,5.4,1
2773.0,3.438310518626735,5.4,1
2774.0,3.4379053323593864,5.4,1
2775.0,3.4375,5.4,1
2776.0,3.4370945215485755,5.4,1
2777.0,3.436688897005113,5.4,1
2778.0,3.436283126369613,5.4,1
2779.0,3.4358772096420744,5.4,1
2780.0,3.4354711468224983,5.4,1
2781.0,3.4350649379108837,5.4,1
2782.0,3.4346585829072316,5.4,1
2783.0,3.4342520818115414,5.4,1
2784.0,3.433845434623813,5.4,1
2785.0,3.433438641344047,5.4,1
2786.0,3.4330317019722427,5.4,1
2787.0,3.4326246165084005,5.4,1
2788.0,3.43221738495252,5.4,1
2789.0,3.431810007304602,5.4,1
2790.0,3.431402483564646,5.4,1
2791.0,3.4309948137326516,5.4,1
2792.0,3.4305869978086196,5.4,1
2793.0,3.4301790357925492,5.4,1
2794.0,3.4297709276844413,5.4,1
2795.0,3.4293626734842952,5.4,1
2796.0,3.4289542731921108,5.4,1
2797.0,3.428545726807889,5.4,1
2798.0,3.4281370343316286,5.4,1
2799.0,3.427728195763331,5.4,1
2800.0,3.427319211102995,5.4,1
2801.0,3.4269100803506207,5.4,1
2802.0,3.426500803506209,5.4,1
2803.0,3.426091380569759,5.4,1
2804.0,3.425681811541271,5.4,1
2805.0,3.425272096420745,5.4,1
2806.0,3.424862235208181,5.4,1
2807.0,3.424452227903579,5.4,1
2808.0,3.4240420745069393,5.4,1
2809.0,3.4236317750182614,5.4,1
2810.0,3.4232213294375455,5.4,1
2811.0,3.4228107377647916,5.4,1
2812.0,3.4224,5.4,1
2813.0,3.42198911614317,5.4,1
2814.0,3.4215780861943026,5.4,1
2815.0,3.4211669101533966,5.4,1
2816.0,3.420755588020453,5.4,1
2817.0,3.4203441197954714,5.4,1
2818.0,3.4199325054784513,5.4,1
2819.0,3.4195207450693936,5.4,1
2820.0,3.419108838568298,5.4,1
2821.0,3.4186967859751642,5.4,1
2822.0,3.4182845872899925,5.4,1
2823.0,3.417872242512783,5.4,1
2824.0,3.4174597516435354,5.4,1
2825.0,3.4170471146822496,5.4,1
2826.0,3.4166343316289263,5.4,1
2827.0,3.416221402483565,5.4,1
2828.0,3.415808327246165,5.4,1
2829.0,3.4153951059167276,5.4,1
2830.0,3.414981738495252,5.4,1
2831.0,3.4145682249817386,5.4,1
2832.0,3.414154565376187,5.4,1
2833.0,3.4137407596785976,5.4,1
2834.0,3.41332680788897,5.4,1
2835.0,3.412912710007305,5.4,1
2836.0,3.4124984660336013,5.4,1
2837.0,3.4120840759678597,5.4,1
2838.0,3.41166953981008,5.4,1
2839.0,3.411254857560263,5.4,1
2840.0,3.4108400292184076,5.4,1
2841.0,3.4104250547845143,5.4,1
2842.0,3.410009934258583,5.4,1
2843.0,3.4095946676406137,5.4,1
2844.0,3.4091792549306064,5.4,1
2845.0,3.408763696128561,5.4,1
2846.0,3.4083479912344776,5.4,1
2847.0,3.4079321402483567,5.4,1
2848.0,3.4075161431701972,5.4,1
2849.0,3.4071,5.4,1
2850.0,3.4066837107377648,5.4,1
2851.0,3.4062672753834917,5.4,1
2852.0,3.4058506939371807,5.4,1
2853.0,3.405433966398831,5.4,1
2854.0,3.405017092768444,5.4,1
2855.0,3.404600073046019,5.4,1
2856.0,3.404182907231556,5.4,1
2857.0,3.403765595325055,5.4,1
2858.0,3.4033481373265158,5.4,1
2859.0,3.4029305332359385,5.4,1
2860.0,3.4025127830533237,5.4,1
2861.0,3.4020948867786704,5.4,1
2862.0,3.4016768444119796,5.4,1
2863.0,3.4012586559532507,5.4,1
2864.0,3.400840321402484,5.4,1
2865.0,3.4004218407596785,5.4,1
2866.0,3.400003214024836,5.4,1
2867.0,3.3995844411979546,5.4,1
2868.0,3.399165522279036,5.4,1
2869.0,3.398746457268079,5.4,1
2870.0,3.398327246165084,5.4,1
2871.0,3.3979078889700514,5.4,1
2872.0,3.3974883856829803,5.4,1
2873.0,3.3970687363038716,5.4,1
2874.0,3.3966489408327245,5.4,1
2875.0,3.39622899926954,5.4,1
2876.0,3.395808911614317,5.4,1
2877.0,3.3953886778670563,5.4,1
2878.0,3.3949682980277576,5.4,1
2879.0,3.394547772096421,5.4,1
2880.0,3.394127100073046,5.4,1
2881.0,3.393706281957633,5.4,1
2882.0,3.3932853177501827,5.4,1
2883.0,3.392864207450694,5.4,1
2884.0,3.3924429510591674,5.4,1
2885.0,3.3920215485756025,5.4,1
2886.0,3.3916,5.4,1
2887.0,3.3911783053323594,5.4,1
2888.0,3.390756464572681,5.4,1
2889.0,3.3903344777209643,5.4,1
2890.0,3.3899123447772097,5.4,1
2891.0,3.389490065741417,5.4,1
2892.0,3.3890676406135865,5.4,1
2893.0,3.388645069393718,5.4,1
2894.0,3.3882223520818116,5.4,1
2895.0,3.3877994886778673,5.4,1
2896.0,3.3873764791818846,5.4,1
2897.0,3.3869533235938643,5.4,1
2898.0,3.3865300219138055,5.4,1
2899.0,3.386106574141709,5.4,1
2900.0,3.3856829802775747,5.4,1
2901.0,3.3852592403214024,5.4,1
2902.0,3.384835354273192,5.4,1
2903.0,3.384411322132944,5.4,1
2904.0,3.3839871439006575,5.4,1
2905.0,3.383562819576333,5.4,1
2906.0,3.383138349159971,5.4,1
2907.0,3.3827137326515704,5.4,1
2908.0,3.3822889700511323,5.4,1
2909.0,3.381864061358656,5.4,1
2910.0,3.3814390065741415,5.4,1
2911.0,3.38101380569759,5.4,1
2912.0,3.380588458728999,5.4,1
2913.0,3.3801629656683714,5.4,1
2914.0,3.379737326515705,5.4,1
2915.0,3.379311541271001,5.4,1
2916.0,3.3788856099342586,5.4,1
2917.0,3.3784595325054783,5.4,1
2918.0,3.3780333089846604,5.4,1
2919.0,3.377606939371804,5.4,1
2920.0,3.37718042366691,5.4,1
2921.0,3.376753761869978,5.4,1
2922.0,3.376326953981008,5.4,1
2923.0,3.3758999999999997,5.4,1
2924.0,3.375472899926954,5.4,1
2925.0,3.37504565376187,5.4,1
2926.0,3.374618261504748,5.4,1
2927.0,3.374190723155588,5.4,1
2928.0,3.37376303871439,5.4,1
2929.0,3.373335208181154,5.4,1
2930.0,3.37290723155588,5.4,1
2931.0,3.372479108838568,5.4,1
2932.0,3.3720508400292184,5.4,1
2933.0,3.3716224251278306,5.4,1
2934.0,3.371193864134405,5.4,1
2935.0,3.370765157048941,5.4,1
2936.0,3.370336303871439,5.4,1
2937.0,3.3699073046018992,5.4,1
2938.0,3.3694781592403213,5.4,1
2939.0,3.369048867786706,5.4,1
2940.0,3.368619430241052,5.4,1
2941.0,3.36818984660336,5.4,1
2942.0,3.3677601168736304,5.4,1
2943.0,3.367330241051863,5.4,1
2944.0,3.3669002191380573,5.4,1
2945.0,3.366470051132213,5.4,1
2946.0,3.3660397370343316,5.4,1
2947.0,3.365609276844412,5.4,1
2948.0,3.3651786705624547,5.4,1
2949.0,3.364747918188459,5.4,1
2950.0,3.3643170197224253,5.4,1
2951.0,3.3638859751643535,5.4,1
2952.0,3.363454784514244,5.4,1
2953.0,3.3630234477720964,5.4,1
2954.0,3.362591964937911,5.4,1
2955.0,3.362160336011687,5.4,1
2956.0,3.3617285609934258,5.4,1
2957.0,3.3612966398831263,5.4,1
2958.0,3.360864572680789,5.4,1
2959.0,3.3604323593864134,5.4,1
2960.0,3.36,5.4,1
2961.0,3.3595674945215483,5.4,1
2962.0,3.3591348429510592,5.4,1
2963.0,3.3587020452885317,5.4,1
2964.0,3.358269101533966,5.4,1
2965.0,3.357836011687363,5.4,1
2966.0,3.3574027757487217,5.4,1
2967.0,3.3569693937180425,5.4,1
2968.0,3.3565358655953252,5.4,1
2969.0,3.35610219138057,5.4,1
2970.0,3.3556683710737767,5.4,1
2971.0,3.3552344046749454,5.4,1
2972.0,3.354800292184076,5.4,1
2973.0,3.3543660336011687,5.4,1
2974.0,3.3539316289262233,5.4,1
2975.0,3.3534970781592404,5.4,1
2976.0,3.3530623813002194,5.4,1
2977.0,3.35262753834916,5.4,1
2978.0,3.352192549306063,5.4,1
2979.0,3.351757414170928,5.4,1
2980.0,3.3513221329437544,5.4,1
2981.0,3.3508867056245437,5.4,1
2982.0,3.350451132213294,5.4,1
2983.0,3.3500154127100075,5.4,1
2984.0,3.3495795471146823,5.4,1
2985.0,3.349143535427319,5.4,1
2986.0,3.3487073776479184,5.4,1
2987.0,3.348271073776479,5.4,1
2988.0,3.3478346238130023,5.4,1
2989.0,3.347398027757487,5.4,1
2990.0,3.3469612856099342,5.4,1
2991.0,3.3465243973703434,5.4,1
2992.0,3.3460873630387145,5.4,1
2993.0,3.3456501826150475,5.4,1
2994.0,3.3452128560993426,5.4,1
2995.0,3.3447753834915996,5.4,1
2996.0,3.344337764791819,5.4,1
2997.0,3.3438999999999997,5.4,1
2998.0,3.343462089116143,5.4,1
2999.0,3.3430240321402485,5.4,1
3000.0,3.3425858290723154,5.4,1
3001.0,3.3421474799123447,5.4,1
3002.0,3.341708984660336,5.4,1
3003.0,3.3412703433162894,5.4,1
3004.0,3.3408315558802046,5.4,1
3005.0,3.340392622352082,5.4,1
3006.0,3.339953542731921,5.4,1
3007.0,3.3395143170197223,5.4,1
3008.0,3.3390749452154855,5.4,1
3009.0,3.338635427319211,5.4,1
3010.0,3.3381957633308983,5.4,1
3011.0,3.337755953250548,5.4,1
3012.0,3.337315997078159,5.4,1
3013.0,3.3368758948137325,5.4,1
3014.0,3.336435646457268,5.4,1
3015.0,3.3359952520087655,5.4,1
3016.0,3.335554711468225,5.4,1
3017.0,3.3351140248356463,5.4,1
3018.0,3.3346731921110297,5.4,1
3019.0,3.3342322132943756,5.4,1
3020.0,3.333791088385683,5.4,1
3021.0,3.3333498173849527,5.4,1
3022.0,3.332908400292184,5.4,1
3023.0,3.332466837107378,5.4,1
3024.0,3.3320251278305335,5.4,1
3025.0,3.3315832724616508,5.4,1
3026.0,3.3311412710007304,5.4,1
3027.0,3.330699123447772,5.4,1
3028.0,3.3302568298027757,5.4,1
3029.0,3.3298143900657413,5.4,1
3030.0,3.3293718042366693,5.4,1
3031.0,3.328929072315559,5.4,1
3032.0,3.3284861943024104,5.4,1
3033.0,3.3280431701972244,5.4,1
3034.0,3.3276000000000003,5.4,1
3035.0,3.327156683710738,5.4,1
3036.0,3.3267132213294377,5.4,1
3037.0,3.326269612856099,5.4,1
3038.0,3.325825858290723,5.4,1
3039.0,3.325381957633309,5.4,1
3040.0,3.3249379108838566,5.4,1
3041.0,3.3244937180423664,5.4,1
3042.0,3.3240493791088386,5.4,1
3043.0,3.3236048940832723,5.4,1
3044.0,3.3231602629656685,5.4,1
3045.0,3.322715485756026,5.4,1
3046.0,3.3222705624543463,5.4,1
3047.0,3.3218254930606284,5.4,1
3048.0,3.321380277574872,5.4,1
3049.0,3.320934915997078,5.4,1
3050.0,3.320489408327246,5.4,1
3051.0,3.320043754565376,5.4,1
3052.0,3.319597954711468,5.4,1
3053.0,3.3191520087655224,5.4,1
3054.0,3.3187059167275383,5.4,1
3055.0,3.3182596785975162,5.4,1
3056.0,3.3178132943754566,5.4,1
3057.0,3.317366764061359,5.4,1
3058.0,3.3169200876552227,5.4,1
3059.0,3.316473265157049,5.4,1
3060.0,3.3160262965668372,5.4,1
3061.0,3.3155791818845874,5.4,1
3062.0,3.3151319211102996,5.4,1
3063.0,3.314684514243974,5.4,1
3064.0,3.31423696128561,5.4,1
3065.0,3.313789262235208,5.4,1
3066.0,3.3133414170927686,5.4,1
3067.0,3.3128934258582907,5.4,1
3068.0,3.3124452885317752,5.4,1
3069.0,3.3119970051132213,5.4,1
3070.0,3.3115485756026297,5.4,1
3071.0,3.3111,5.4,1
3072.0,3.3106512783053326,5.4,1
3073.0,3.310202410518627,5.4,1
3074.0,3.3097533966398833,5.4,1
3075.0,3.3093042366691017,5.4,1
3076.0,3.308854930606282,5.4,1
3077.0,3.3084054784514243,5.4,1
3078.0,3.3079558802045286,5.4,1
3079.0,3.3075061358655953,5.4,1
3080.0,3.307056245434624,5.4,1
3081.0,3.306606208911614,5.4,1
3082.0,3.306156026296567,5.4,1
3083.0,3.3057056975894814,5.4,1
3084.0,3.305255222790358,5.4,1
3085.0,3.3048046018991966,5.4,1
3086.0,3.304353834915997,5.4,1
3087.0,3.3039029218407596,5.4,1
3088.0,3.303451862673484,5.4,1
3089.0,3.303000657414171,5.4,1
3090.0,3.3025493060628195,5.4,1
3091.0,3.3020978086194304,5.4,1
3092.0,3.3016461650840028,5.4,1
3093.0,3.3011943754565376,5.4,1
3094.0,3.3007424397370344,5.4,1
3095.0,3.300290357925493,5.4,1
3096.0,3.299838130021914,5.4,1
3097.0,3.2993857560262967,5.4,1
3098.0,3.2989332359386414,5.4,1
3099.0,3.298480569758948,5.4,1
3100.0,3.298027757487217,5.4,1
3101.0,3.297574799123448,5.4,1
3102.0,3.2971216946676405,5.4,1
3103.0,3.2966684441197955,5.4,1
3104.0,3.2962150474799126,5.4,1
3105.0,3.295761504747991,5.4,1
3106.0,3.295307815924032,5.4,1
3107.0,3.294853981008035,5.4,1
3108.0,3.2944,5.4,1
3109.0,3.293945872899927,5.4,1
3110.0,3.2934915997078162,5.4,1
3111.0,3.293037180423667,5.4,1
3112.0,3.29258261504748,5.4,1
3113.0,3.2921279035792548,5.4,1
3114.0,3.291673046018992,5.4,1
3115.0,3.2912180423666912,5.4,1
3116.0,3.290762892622352,5.4,1
3117.0,3.290307596785975,5.4,1
3118.0,3.2898521548575603,5.4,1
3119.0,3.289396566837107,5.4,1
3120.0,3.2889408327246166,5.4,1
3121.0,3.2884849525200877,5.4,1
3122.0,3.2880289262235207,5.4,1
3123.0,3.287572753834916,5.4,1
3124.0,3.2871164353542732,5.4,1
3125.0,3.286659970781592,5.4,1
3126.0,3.2862033601168736,5.4,1
3127.0,3.285746603360117,5.4,1
3128.0,3.285289700511322,5.4,1
3129.0,3.2848326515704893,5.4,1
3130.0,3.2843754565376186,5.4,1
3131.0,3.28391811541271,5.4,1
3132.0,3.2834606281957632,5.4,1
3133.0,3.2830029948867785,5.4,1
3134.0,3.282545215485756,5.4,1
3135.0,3.2820872899926954,5.4,1
3136.0,3.2816292184075966,5.4,1
3137.0,3.28117100073046,5.4,1
3138.0,3.280712636961286,5.4,1
3139.0,3.280254127100073,5.4,1
3140.0,3.2797954711468225,5.4,1
3141.0,3.279336669101534,5.4,1
3142.0,3.2788777209642075,5.4,1
3143.0,3.278418626734843,5.4,1
3144.0,3.2779593864134404,5.4,1
3145.0,3.2775,5.4,1
3146.0,3.2770404674945217,5.4,1
3147.0,3.276580788897005,5.4,1
3148.0,3.2761209642074505,5.4,1
3149.0,3.2756609934258583,5.4,1
3150.0,3.275200876552228,5.4,1
3151.0,3.2747406135865598,5.4,1
3152.0,3.2742802045288535,5.4,1
3153.0,3.273819649379109,5.4,1
3154.0,3.273358948137327,5.4,1
3155.0,3.2728981008035065,5.4,1
3156.0,3.272437107377648,5.4,1
3157.0,3.2719759678597518,5.4,1
3158.0,3.2715146822498173,5.4,1
3159.0,3.271053250547845,5.4,1
3160.0,3.270591672753835,5.4,1
3161.0,3.270129948867787,5.4,1
3162.0,3.2696680788897003,5.4,1
3163.0,3.2692060628195763,5.4,1
3164.0,3.268743900657414,5.4,1
3165.0,3.268281592403214,5.4,1
3166.0,3.267819138056976,5.4,1
3167.0,3.2673565376186997,5.4,1
3168.0,3.2668937910883855,5.4,1
3169.0,3.2664308984660337,5.4,1
3170.0,3.2659678597516435,5.4,1
3171.0,3.2655046749452152,5.4,1
3172.0,3.2650413440467494,5.4,1
3173.0,3.2645778670562455,5.4,1
3174.0,3.2641142439737036,5.4,1
3175.0,3.2636504747991233,5.4,1
3176.0,3.2631865595325054,5.4,1
3177.0,3.2627224981738494,5.4,1
3178.0,3.2622582907231554,5.4,1
3179.0,3.261793937180424,5.4,1
3180.0,3.261329437545654,5.4,1
3181.0,3.260864791818846,5.4,1
3182.0,3.2604,5.4,1
3183.0,3.259935062089116,5.4,1
3184.0,3.2594699780861944,5.4,1
3185.0,3.2590047479912343,5.4,1
3186.0,3.2585393718042366,5.4,1
3187.0,3.258073849525201,5.4,1
3188.0,3.257608181154127,5.4,1
3189.0,3.2571423666910153,5.4,1
3190.0,3.2566764061358655,5.4,1
3191.0,3.2562102994886777,5.4,1
3192.0,3.2557440467494523,5.4,1
3193.0,3.2552776479181884,5.4,1
3194.0,3.254811102994887,5.4,1
3195.0,3.254344411979547,5.4,1
3196.0,3.2538775748721696,5.4,1
3197.0,3.253410591672754,5.4,1
3198.0,3.2529434623813,5.4,1
3199.0,3.2524761869978085,5.4,1
3200.0,3.252008765522279,5.4,1
3201.0,3.2515411979547113,5.4,1
3202.0,3.251073484295106,5.4,1
3203.0,3.2506056245434625,5.4,1
3204.0,3.250137618699781,5.4,1
3205.0,3.249669466764061,5.4,1
3206.0,3.249201168736304,5.4,1
3207.0,3.2487327246165085,5.4,1
3208.0,3.2482641344046748,5.4,1
3209.0,3.2477953981008034,5.4,1
3210.0,3.247326515704894,5.4,1
3211.0,3.2468574872169467,5.4,1
3212.0,3.2463883126369613,5.4,1
3213.0,3.245918991964938,5.4,1
3214.0,3.2454495252008764,5.4,1
3215.0,3.2449799123447773,5.4,1
3216.0,3.24451015339664,5.4,1
3217.0,3.2440402483564643,5.4,1
3218.0,3.243570197224251,5.4,1
3219.0,3.2431,5.4,1
3220.0,3.242629656683711,5.4,1
3221.0,3.242159167275384,5.4,1
3222.0,3.241688531775018,5.4,1
3223.0,3.241217750182615,5.4,1
3224.0,3.240746822498174,5.4,1
3225.0,3.240275748721695,5.4,1
3226.0,3.2398045288531776,5.4,1
3227.0,3.2393331628926223,5.4,1
3228.0,3.2388616508400294,5.4,1
3229.0,3.238389992695398,5.4,1
3230.0,3.237918188458729,5.4,1
3231.0,3.2374462381300217,5.4,1
3232.0,3.2369741417092768,5.4,1
3233.0,3.236501899196494,5.4,1
3234.0,3.2360295105916728,5.4,1
3235.0,3.2355569758948137,5.4,1
3236.0,3.2350842951059167,5.4,1
3237.0,3.2346114682249816,5.4,1
3238.0,3.234138495252009,5.4,1
3239.0,3.233665376186998,5.4,1
3240.0,3.2331921110299486,5.4,1
3241.0,3.232718699780862,5.4,1
3242.0,3.232245142439737,5.4,1
3243.0,3.231771439006574,5.4,1
3244.0,3.231297589481373,5.4,1
3245.0,3.2308235938641343,5.4,1
3246.0,3.2303494521548575,5.4,1
3247.0,3.2298751643535426,5.4,1
3248.0,3.2294007304601897,5.4,1
3249.0,3.2289261504747993,5.4,1
3250.0,3.2284514243973703,5.4,1
3251.0,3.2279765522279034,5.4,1
3252.0,3.227501533966399,5.4,1
3253.0,3.2270263696128563,5.4,1
3254.0,3.2265510591672752,5.4,1
3255.0,3.2260756026296566,5.4,1
3256.0,3.2256,5.4,1
3257.0,3.2251242512783054,5.4,1
3258.0,3.2246483564645727,5.4,1
3259.0,3.224172315558802,5.4,1
3260.0,3.2236961285609933,5.4,1
3261.0,3.223219795471147,5.4,1
3262.0,3.2227433162892622,5.4,1
3263.0,3.2222666910153395,5.4,1
3264.0,3.221789919649379,5.4,1
3265.0,3.2213130021913807,5.4,1
3266.0,3.2208359386413443,5.4,1
3267.0,3.2203587289992694,5.4,1
3268.0,3.219881373265157,5.4,1
3269.0,3.2194038714390065,5.4,1
3270.0,3.218926223520818,5.4,1
3271.0,3.218448429510592,5.4,1
3272.0,3.2179704894083274,5.4,1
3273.0,3.217492403214025,5.4,1
3274.0,3.2170141709276843,5.4,1
3275.0,3.216535792549306,5.4,1
3276.0,3.21605726807889,5.4,1
3277.0,3.2155785975164353,5.4,1
3278.0,3.215099780861943,5.4,1
3279.0,3.214620818115413,5.4,1
3280.0,3.214141709276844,5.4,1
3281.0,3.213662454346238,5.4,1
3282.0,3.213183053323594,5.4,1
3283.0,3.2127035062089115,5.4,1
3284.0,3.212223813002191,5.4,1
3285.0,3.2117439737034332,5.4,1
3286.0,3.211263988312637,5.4,1
3287.0,3.210783856829803,5.4,1
3288.0,3.210303579254931,5.4,1
3289.0,3.2098231555880203,5.4,1
3290.0,3.2093425858290723,5.4,1
3291.0,3.208861869978086,5.4,1
3292.0,3.208381008035062,5.4,1
3293.0,3.2079,5.4,1
3294.0,3.2074188458729,5.4,1
3295.0,3.206937545653762,5.4,1
3296.0,3.206456099342586,5.4,1
3297.0,3.2059745069393717,5.4,1
3298.0,3.20549276844412,5.4,1
3299.0,3.20501088385683,5.4,1
3300.0,3.204528853177502,5.4,1
3301.0,3.204046676406136,5.4,1
3302.0,3.203564353542732,5.4,1
3303.0,3.20308188458729,5.4,1
3304.0,3.2025992695398102,5.4,1
3305.0,3.2021165084002923,5.4,1
3306.0,3.2016336011687363,5.4,1
3307.0,3.2011505478451427,5.4,1
3308.0,3.2006673484295107,5.4,1
3309.0,3.2001840029218407,5.4,1
3310.0,3.199700511322133,5.4,1
3311.0,3.1992168736303874,5.4,1
3312.0,3.1987330898466033,5.4,1
3313.0,3.1982491599707816,5.4,1
3314.0,3.197765084002922,5.4,1
3315.0,3.197280861943024,5.4,1
3316.0,3.1967964937910884,5.4,1
3317.0,3.1963119795471147,5.4,1
3318.0,3.195827319211103,5.4,1
3319.0,3.1953425127830535,5.4,1
3320.0,3.1948575602629656,5.4,1
3321.0,3.1943724616508398,5.4,1
3322.0,3.1938872169466763,5.4,1
3323.0,3.193401826150475,5.4,1
3324.0,3.192916289262235,5.4,1
3325.0,3.1924306062819574,5.4,1
3326.0,3.191944777209642,5.4,1
3327.0,3.1914588020452883,5.4,1
3328.0,3.1909726807888967,5.4,1
3329.0,3.1904864134404676,5.4,1
3330.0,3.19,5.4,1
3331.0,3.1895134404674943,5.4,1
3332.0,3.189026734842951,5.4,1
3333.0,3.18853988312637,5.4,1
3334.0,3.18805288531775,5.4,1
3335.0,3.187565741417093,5.4,1
3336.0,3.1870784514243975,5.4,1
3337.0,3.1865910153396637,5.4,1
3338.0,3.1861034331628924,5.4,1
3339.0,3.1856157048940834,5.4,1
3340.0,3.185127830533236,5.4,1
3341.0,3.1846398100803506,5.4,1
3342.0,3.1841516435354276,5.4,1
3343.0,3.183663330898466,5.4,1
3344.0,3.1831748721694666,5.4,1
3345.0,3.1826862673484295,5.4,1
3346.0,3.1821975164353544,5.4,1
3347.0,3.181708619430241,5.4,1
3348.0,3.18121957633309,5.4,1
3349.0,3.1807303871439006,5.4,1
3350.0,3.180241051862674,5.4,1
3351.0,3.179751570489408,5.4,1
3352.0,3.1792619430241054,5.4,1
3353.0,3.178772169466764,5.4,1
3354.0,3.178282249817385,5.4,1
3355.0,3.177792184075968,5.4,1
3356.0,3.177301972242513,5.4,1
3357.0,3.1768116143170197,5.4,1
3358.0,3.176321110299489,5.4,1
3359.0,3.1758304601899194,5.4,1
3360.0,3.1753396639883125,5.4,1
3361.0,3.1748487216946675,5.4,1
3362.0,3.1743576333089845,5.4,1
3363.0,3.1738663988312634,5.4,1
3364.0,3.173375018261505,5.4,1
3365.0,3.1728834915997077,5.4,1
3366.0,3.172391818845873,5.4,1
3367.0,3.1719,5.4,1
3368.0,3.171408035062089,5.4,1
3369.0,3.17091592403214,5.4,1
3370.0,3.1704236669101533,5.4,1
3371.0,3.1699312636961285,5.4,1
3372.0,3.1694387143900657,5.4,1
3373.0,3.168946018991965,5.4,1
3374.0,3.168453177501826,5.4,1
3375.0,3.1679601899196492,5.4,1
3376.0,3.1674670562454343,5.4,1
3377.0,3.166973776479182,5.4,1
3378.0,3.1664803506208914,5.4,1
3379.0,3.1659867786705624,5.4,1
3380.0,3.165493060628196,5.4,1
3381.0,3.164999196493791,5.4,1
3382.0,3.1645051862673483,5.4,1
3383.0,3.1640110299488677,5.4,1
3384.0,3.163516727538349,5.4,1
3385.0,3.1630222790357925,5.4,1
3386.0,3.162527684441198,5.4,1
3387.0,3.1620329437545656,5.4,1
3388.0,3.161538056975895,5.4,1
3389.0,3.1610430241051866,5.4,1
3390.0,3.16054784514244,5.4,1
3391.0,3.160052520087655,5.4,1
3392.0,3.1595570489408327,5.4,1
3393.0,3.1590614317019723,5.4,1
3394.0,3.158565668371074,5.4,1
3395.0,3.1580697589481375,5.4,1
3396.0,3.157573703433163,5.4,1
3397.0,3.1570775018261505,5.4,1
3398.0,3.1565811541271,5.4,1
3399.0,3.1560846603360115,5.4,1
3400.0,3.1555880204528854,5.4,1
3401.0,3.155091234477721,5.4,1
3402.0,3.1545943024105183,5.4,1
3403.0,3.154097224251278,5.4,1
3404.0,3.1536,5.4,1
3405.0,3.1531026296566838,5.4,1
3406.0,3.1526051132213295,5.4,1
3407.0,3.1521074506939373,5.4,1
3408.0,3.151609642074507,5.4,1
3409.0,3.1511116873630387,5.4,1
3410.0,3.1506135865595324,5.4,1
3411.0,3.150115339663988,5.4,1
3412.0,3.149616946676406,5.4,1
3413.0,3.149118407596786,5.4,1
3414.0,3.1486197224251278,5.4,1
3415.0,3.148120891161432,5.4,1
3416.0,3.147621913805698,5.4,1
3417.0,3.1471227903579253,5.4,1
3418.0,3.1466235208181152,5.4,1
3419.0,3.146124105186267,5.4,1
3420.0,3.1456245434623815,5.4,1
3421.0,3.1451248356464574,5.4,1
3422.0,3.1446249817384953,5.4,1
3423.0,3.1441249817384955,5.4,1
3424.0,3.1436248356464573,5.4,1
3425.0,3.143124543462381,5.4,1
3426.0,3.1426241051862673,5.4,1
3427.0,3.1421235208181155,5.4,1
3428.0,3.1416227903579257,5.4,1
3429.0,3.141121913805698,5.4,1
3430.0,3.140620891161432,5.4,1
3431.0,3.140119722425128,5.4,1
3432.0,3.139618407596786,5.4,1
3433.0,3.139116946676406,5.4,1
3434.0,3.138615339663988,5.4,1
3435.0,3.1381135865595327,5.4,1
3436.0,3.137611687363039,5.4,1
3437.0,3.137109642074507,5.4,1
3438.0,3.1366074506939374,5.4,1
3439.0,3.1361051132213293,5.4,1
3440.0,3.1356026296566837,5.4,1
3441.0,3.1351,5.4,1
3442.0,3.1345972242512783,5.4,1
3443.0,3.1340943024105186,5.4,1
3444.0,3.133591234477721,5.4,1
3445.0,3.1330880204528855,5.4,1
3446.0,3.1325846603360117,5.4,1
3447.0,3.1320811541271,5.4,1
3448.0,3.1315775018261505,5.4,1
3449.0,3.131073703433163,5.4,1
3450.0,3.130569758948137,5.4,1
3451.0,3.1300656683710737,5.4,1
3452.0,3.129561431701972,5.4,1
3453.0,3.1290570489408327,5.4,1
3454.0,3.128552520087655,5.4,1
3455.0,3.1280478451424396,5.4,1
3456.0,3.1275430241051865,5.4,1
3457.0,3.127038056975895,5.4,1
3458.0,3.1265329437545653,5.4,1
3459.0,3.126027684441198,5.4,1
3460.0,3.125522279035793,5.4,1
3461.0,3.125016727538349,5.4,1
3462.0,3.124511029948868,5.4,1
3463.0,3.1240051862673486,5.4,1
3464.0,3.1234991964937913,5.4,1
3465.0,3.122993060628196,5.4,1
3466.0,3.1224867786705626,5.4,1
3467.0,3.121980350620891,5.4,1
3468.0,3.121473776479182,5.4,1
3469.0,3.120967056245435,5.4,1
3470.0,3.1204601899196494,5.4,1
3471.0,3.1199531775018263,5.4,1
3472.0,3.1194460189919653,5.4,1
3473.0,3.1189387143900658,5.4,1
3474.0,3.1184312636961287,5.4,1
3475.0,3.1179236669101535,5.4,1
3476.0,3.1174159240321404,5.4,1
3477.0,3.1169080350620892,5.4,1
3478.0,3.1164,5.4,1
3479.0,3.115891818845873,5.4,1
3480.0,3.1153834915997076,5.4,1
3481.0,3.114875018261505,5.4,1
3482.0,3.1143663988312635,5.4,1
3483.0,3.1138576333089847,5.4,1
3484.0,3.113348721694668,5.4,1
3485.0,3.1128396639883125,5.4,1
3486.0,3.1123304601899195,5.4,1
3487.0,3.1118211102994886,5.4,1
3488.0,3.1113116143170196,5.4,1
3489.0,3.1108019722425126,5.4,1
3490.0,3.110292184075968,5.4,1
3491.0,3.109782249817385,5.4,1
3492.0,3.109272169466764,5.4,1
3493.0,3.1087619430241054,5.4,1
3494.0,3.1082515704894083,5.4,1
3495.0,3.1077410518626736,5.4,1
3496.0,3.1072303871439004,5.4,1
3497.0,3.1067195763330897,5.4,1
3498.0,3.106208619430241,5.4,1
3499.0,3.105697516435354,5.4,1
3500.0,3.1051862673484294,5.4,1
3501.0,3.1046748721694666,5.4,1
3502.0,3.104163330898466,5.4,1
3503.0,3.1036516435354273,5.4,1
3504.0,3.103139810080351,5.4,1
3505.0,3.102627830533236,5.4,1
3506.0,3.102115704894083,5.4,1
3507.0,3.1016034331628926,5.4,1
3508.0,3.101091015339664,5.4,1
3509.0,3.1005784514243975,5.4,1
3510.0,3.100065741417093,5.4,1
3511.0,3.0995528853177503,5.4,1
3512.0,3.0990398831263697,5.4,1
3513.0,3.098526734842951,5.4,1
3514.0,3.0980134404674944,5.4,1
3515.0,3.0975,5.4,1
3516.0,3.0969864134404674,5.4,1
3517.0,3.096472680788897,5.4,1
3518.0,3.0959588020452884,5.4,1
3519.0,3.095444777209642,5.4,1
3520.0,3.0949306062819577,5.4,1
3521.0,3.0944162892622353,5.4,1
3522.0,3.093901826150475,5.4,1
3523.0,3.0933872169466765,5.4,1
3524.0,3.09287246165084,5.4,1
3525.0,3.0923575602629656,5.4,1
3526.0,3.091842512783053,5.4,1
3527.0,3.091327319211103,5.4,1
3528.0,3.0908119795471145,5.4,1
3529.0,3.0902964937910884,5.4,1
3530.0,3.089780861943024,5.4,1
3531.0,3.0892650840029217,5.4,1
3532.0,3.0887491599707815,5.4,1
3533.0,3.0882330898466033,5.4,1
3534.0,3.087716873630387,5.4,1
3535.0,3.087200511322133,5.4,1
3536.0,3.0866840029218405,5.4,1
3537.0,3.0861673484295107,5.4,1
3538.0,3.0856505478451424,5.4,1
3539.0,3.085133601168736,5.4,1
3540.0,3.084616508400292,5.4,1
3541.0,3.08409926953981,5.4,1
3542.0,3.08358188458729,5.4,1
3543.0,3.083064353542732,5.4,1
3544.0,3.0825466764061358,5.4,1
3545.0,3.0820288531775017,5.4,1
3546.0,3.0815108838568297,5.4,1
3547.0,3.08099276844412,5.4,1
3548.0,3.080474506939372,5.4,1
3549.0,3.079956099342586,5.4,1
3550.0,3.0794375456537617,5.4,1
3551.0,3.0789188458729,5.4,1
3552.0,3.0784000000000002,5.4,1
3553.0,3.077881008035062,5.4,1
3554.0,3.0773618699780863,5.4,1
3555.0,3.0768425858290724,5.4,1
3556.0,3.0763231555880206,5.4,1
3557.0,3.0758035792549308,5.4,1
3558.0,3.075283856829803,5.4,1
3559.0,3.074763988312637,5.4,1
3560.0,3.074243973703433,5.4,1
3561.0,3.073723813002191,5.4,1
3562.0,3.0732035062089116,5.4,1
3563.0,3.072683053323594,5.4,1
3564.0,3.072162454346238,5.4,1
3565.0,3.0716417092768444,5.4,1
3566.0,3.0711208181154124,5.4,1
3567.0,3.0705997808619427,5.4,1
3568.0,3.070078597516435,5.4,1
3569.0,3.0695572680788894,5.4,1
3570.0,3.069035792549306,5.4,1
3571.0,3.0685141709276844,5.4,1
3572.0,3.0679924032140247,5.4,1
3573.0,3.0674704894083273,5.4,1
3574.0,3.0669484295105915,5.4,1
3575.0,3.066426223520818,5.4,1
3576.0,3.065903871439007,5.4,1
3577.0,3.065381373265157,5.4,1
3578.0,3.0648587289992695,5.4,1
3579.0,3.064335938641344,5.4,1
3580.0,3.0638130021913805,5.4,1
3581.0,3.063289919649379,5.4,1
3582.0,3.06276669101534,5.4,1
3583.0,3.0622433162892624,5.4,1
3584.0,3.061719795471147,5.4,1
3585.0,3.0611961285609937,5.4,1
3586.0,3.060672315558802,5.4,1
3587.0,3.060148356464573,5.4,1
3588.0,3.059624251278305,5.4,1
3589.0,3.0591,5.4,1
3590.0,3.0585756026296567,5.4,1
3591.0,3.0580510591672754,5.4,1
3592.0,3.057526369612856,5.4,1
3593.0,3.0570015339663987,5.4,1
3594.0,3.056476552227904,5.4,1
3595.0,3.0559514243973704,5.4,1
3596.0,3.0554261504747995,5.4,1
3597.0,3.05490073046019,5.4,1
3598.0,3.0543751643535426,5.4,1
3599.0,3.0538494521548576,5.4,1
3600.0,3.0533235938641345,5.4,1
3601.0,3.052797589481373,5.4,1
3602.0,3.052271439006574,5.4,1
3603.0,3.051745142439737,5.4,1
3604.0,3.051218699780862,5.4,1
3605.0,3.0506921110299485,5.4,1
3606.0,3.050165376186998,5.4,1
3607.0,3.0496384952520086,5.4,1
3608.0,3.049111468224982,5.4,1
3609.0,3.0485842951059166,5.4,1
3610.0,3.0480569758948137,5.4,1
3611.0,3.047529510591673,5.4,1
3612.0,3.047001899196494,5.4,1
3613.0,3.0464741417092767,5.4,1
3614.0,3.0459462381300217,5.4,1
3615.0,3.0454181884587292,5.4,1
3616.0,3.0448899926953983,5.4,1
3617.0,3.0443616508400293,5.4,1
3618.0,3.0438331628926223,5.4,1
3619.0,3.0433045288531773,5.4,1
3620.0,3.0427757487216947,5.4,1
3621.0,3.042246822498174,5.4,1
3622.0,3.041717750182615,5.4,1
3623.0,3.0411885317750182,5.4,1
3624.0,3.0406591672753835,5.4,1
3625.0,3.040129656683711,5.4,1
3626.0,3.0396,5.4,1
3627.0,3.0390701972242513,5.4,1
3628.0,3.0385402483564645,5.4,1
3629.0,3.03801015339664,5.4,1
3630.0,3.0374799123447773,5.4,1
3631.0,3.0369495252008765,5.4,1
3632.0,3.036418991964938,5.4,1
3633.0,3.0358883126369616,5.4,1
3634.0,3.0353574872169466,5.4,1
3635.0,3.034826515704894,5.4,1
3636.0,3.0342953981008036,5.4,1
3637.0,3.033764134404675,5.4,1
3638.0,3.0332327246165085,5.4,1
3639.0,3.032701168736304,5.4,1
3640.0,3.0321694667640613,5.4,1
3641.0,3.0316376186997807,5.4,1
3642.0,3.0311056245434624,5.4,1
3643.0,3.0305734842951058,5.4,1
3644.0,3.0300411979547115,5.4,1
3645.0,3.029508765522279,5.4,1
3646.0,3.0289761869978085,5.4,1
3647.0,3.0284434623813,5.4,1
3648.0,3.027910591672754,5.4,1
3649.0,3.0273775748721694,5.4,1
3650.0,3.026844411979547,5.4,1
3651.0,3.0263111029948866,5.4,1
3652.0,3.025777647918188,5.4,1
3653.0,3.025244046749452,5.4,1
3654.0,3.024710299488678,5.4,1
3655.0,3.0241764061358656,5.4,1
3656.0,3.023642366691015,5.4,1
3657.0,3.023108181154127,5.4,1
3658.0,3.022573849525201,5.4,1
3659.0,3.0220393718042367,5.4,1
3660.0,3.0215047479912345,5.4,1
3661.0,3.0209699780861943,5.4,1
3662.0,3.020435062089116,5.4,1
3663.0,3.0199,5.4,1
3664.0,3.019364791818846,5.4,1
3665.0,3.0188294375456537,5.4,1
3666.0,3.018293937180424,5.4,1
3667.0,3.0177582907231555,5.4,1
3668.0,3.0172224981738496,5.4,1
3669.0,3.0166865595325056,5.4,1
3670.0,3.0161504747991232,5.4,1
3671.0,3.0156142439737037,5.4,1
3672.0,3.0150778670562453,5.4,1
3673.0,3.0145413440467497,5.4,1
3674.0,3.0140046749452156,5.4,1
3675.0,3.0134678597516436,5.4,1
3676.0,3.012930898466034,5.4,1
3677.0,3.012393791088386,5.4,1
3678.0,3.0118565376186996,5.4,1
3679.0,3.011319138056976,5.4,1
3680.0,3.010781592403214,5.4,1
3681.0,3.010243900657414,5.4,1
3682.0,3.009706062819576,5.4,1
3683.0,3.0091680788897004,5.4,1
3684.0,3.0086299488677866,5.4,1
3685.0,3.0080916727538347,5.4,1
3686.0,3.0075532505478453,5.4,1
3687.0,3.0070146822498174,5.4,1
3688.0,3.0064759678597515,5.4,1
3689.0,3.005937107377648,5.4,1
3690.0,3.005398100803506,5.4,1
3691.0,3.0048589481373265,5.4,1
3692.0,3.004319649379109,5.4,1
3693.0,3.0037802045288533,5.4,1
3694.0,3.0032406135865592,5.4,1
3695.0,3.002700876552228,5.4,1
3696.0,3.0021609934258584,5.4,1
3697.0,3.0016209642074507,5.4,1
3698.0,3.001080788897005,5.4,1
3699.0,3.0005404674945213,5.4,1
3700.0,3.0,0.0,0
3701.0,3.000995016625083,0.0,0
3702.0,3.0019801326693245,0.0,0
3703.0,3.0029554466451494,0.0,0
3704.0,3.0039210560847676,0.0,0
3705.0,3.0048770575499284,0.0,0
3706.0,3.005823546641575,0.0,0
3707.0,3.0067606180094053,0.0,0
3708.0,3.007688365361336,0.0,0
3709.0,3.0086068814728772,0.0,0
3710.0,3.009516258196404,0.0,0
3711.0,3.010416586470347,0.0,0
3712.0,3.011307956328284,0.0,0
3713.0,3.012190456907944,0.0,0
3714.0,3.0130641764601194,0.0,0
3715.0,3.0139292023574944,0.0,0
3716.0,3.0147856211033788,0.0,0
3717.0,3.0156335183403615,0.0,0
3718.0,3.016472978858873,0.0,0
3719.0,3.0173040866056637,0.0,0
3720.0,3.018126924692202,0.0,0
3721.0,3.018941575402981,0.0,0
3722.0,3.019748120203752,0.0,0
3723.0,3.0205466397496665,0.0,0
3724.0,3.0213372138933448,0.0,0
3725.0,3.0221199216928594,0.0,0
3726.0,3.0228948414196433,0.0,0
3727.0,3.0236620505663145,0.0,0
3728.0,3.0244216258544276,0.0,0
3729.0,3.0251736432421437,0.0,0
3730.0,3.0259181779318283,0.0,0
3731.0,3.026655304377571,0.0,0
3732.0,3.027385096292631,0.0,0
3733.0,3.028107626656807,0.0,0
3734.0,3.028822967723739,0.0,0
3735.0,3.029531191028129,0.0,0
3736.0,3.030232367392897,0.0,0
3737.0,3.0309265669362646,0.0,0
3738.0,3.0316138590787642,0.0,0
3739.0,3.0322943125501833,0.0,0
3740.0,3.032967995396436,0.0,0
3741.0,3.0336349749863682,0.0,0
3742.0,3.0342953180184944,0.0,0
3743.0,3.034949090527668,0.0,0
3744.0,3.035596357891686,0.0,0
3745.0,3.0362371848378227,0.0,0
3746.0,3.0368716354493075,0.0,0
3747.0,3.0374997731717297,0.0,0
3748.0,3.0381216608193857,0.0,0
3749.0,3.038737360581558,0.0,0
3750.0,3.0393469340287367,0.0,0
3751.0,3.0399504421187733,0.0,0
3752.0,3.0405479452029804,0.0,0
3753.0,3.0411395030321646,0.0,0
3754.0,3.041725174762601,0.0,0
3755.0,3.0423050189619514,0.0,0
3756.0,3.0428790936151184,0.0,0
3757.0,3.043447456130046,0.0,0
3758.0,3.0440101633434598,0.0,0
3759.0,3.0445672715265495,0.0,0
3760.0,3.045118836390597,0.0,0
3761.0,3.04566491309255,0.0,0
3762.0,3.0462055562405324,0.0,0
3763.0,3.0467408198993104,0.0,0
3764.0,3.047270757595695,0.0,0
3765.0,3.0477954223238983,0.0,0
3766.0,3.04831486655083,0.0,0
3767.0,3.048829142221346,0.0,0
3768.0,3.049338300763441,0.0,0
3769.0,3.049842393093394,0.0,0
3770.0,3.050341469620859,0.0,0
3771.0,3.0508355802539033,0.0,0
3772.0,3.051324774404003,0.0,0
3773.0,3.0518091009909796,0.0,0
3774.0,3.0522886084478964,0.0,0
3775.0,3.0527633447258986,0.0,0
3776.0,3.053233357299009,0.0,0
3777.0,3.053698693168877,0.0,0
3778.0,3.0541593988694777,0.0,0
3779.0,3.0546155204717644,0.0,0
3780.0,3.0550671035882777,0.0,0
3781.0,3.055514193377706,0.0,0
3782.0,3.0559568345494,0.0,0
3783.0,3.0563950713678465,0.0,0
3784.0,3.0568289476570922,0.0,0
3785.0,3.0572585068051272,0.0,0
3786.0,3.057683791768225,0.0,0
3787.0,3.058104845075236,0.0,0
3788.0,3.058521708831842,0.0,0
3789.0,3.0589344247247654,0.0,0
3790.0,3.05934303402594,0.0,0
3791.0,3.0597475775966365,0.0,0
3792.0,3.060148095891549,0.0,0
3793.0,3.0605446289628397,0.0,0
3794.0,3.060937216464148,0.0,0
3795.0,3.06132589765455,0.0,0
3796.0,3.0617107114024886,0.0,0
3797.0,3.0620916961896603,0.0,0
3798.0,3.06246889011486,0.0,0
3799.0,3.0628423308977952,0.0,0
3800.0,3.0632120558828557,0.0,0
3801.0,3.0635781020428476,0.0,0
3802.0,3.0639405059826923,0.0,0
3803.0,3.0642993039430855,0.0,0
3804.0,3.064654531804122,0.0,0
3805.0,3.0650062250888843,0.0,0
3806.0,3.065354418966994,0.0,0
3807.0,3.0656991482581293,0.0,0
3808.0,3.066040447435506,0.0,0
3809.0,3.0663783506293267,0.0,0
3810.0,3.0667128916301922,0.0,0
3811.0,3.067044103892481,0.0,0
3812.0,3.067372020537696,0.0,0
3813.0,3.0676966743577747,0.0,0
3814.0,3.0680180978183698,0.0,0
3815.0,3.068336323062095,0.0,0
3816.0,3.0686513819117396,0.0,0
3817.0,3.0689633058734516,0.0,0
3818.0,3.0692721261398868,0.0,0
3819.0,3.0695778735933295,0.0,0
3820.0,3.06988057880878,0.0,0
3821.0,3.0701802720570113,0.0,0
3822.0,3.0704769833075987,0.0,0
3823.0,3.070770742231914,0.0,0
3824.0,3.071061578206095,0.0,0
3825.0,3.071349520313981,0.0,0
3826.0,3.0716345973500228,0.0,0
3827.0,3.071916837822162,0.0,0
3828.0,3.0721962699546808,0.0,0
3829.0,3.0724729216910247,0.0,0
3830.0,3.0727468206965987,0.0,0
3831.0,3.0730179943615314,0.0,0
3832.0,3.073286469803415,0.0,0
3833.0,3.0735522738700176,0.0,0
3834.0,3.0738154331419674,0.0,0
3835.0,3.0740759739354107,0.0,0
3836.0,3.0743339223046444,0.0,0
3837.0,3.07458930404472,0.0,0
3838.0,3.074842144694024,0.0,0
3839.0,3.075092469536833,0.0,0
3840.0,3.0753403036058393,0.0,0
3841.0,3.075585671684656,0.0,0
3842.0,3.0758285983102964,0.0,0
3843.0,3.0760691077756244,0.0,0
3844.0,3.0763072241317877,0.0,0
3845.0,3.0765429711906203,0.0,0
3846.0,3.076776372527024,0.0,0
3847.0,3.0770074514813275,0.0,0
3848.0,3.077236231161619,0.0,0
3849.0,3.077462734446056,0.0,0
3850.0,3.077686983985157,0.0,0
3851.0,3.0779090022040623,0.0,0
3852.0,3.0781288113047784,0.0,0
3853.0,3.078346433268399,0.0,0
3854.0,3.078561889857302,0.0,0
3855.0,3.078775202617326,0.0,0
3856.0,3.0789863928799237,0.0,0
3857.0,3.079195481764298,0.0,0
3858.0,3.0794024901795116,0.0,0
3859.0,3.079607438826579,0.0,0
3860.0,3.0798103482005343,0.0,0
3861.0,3.0800112385924856,0.0,0
3862.0,3.0802101300916385,0.0,0
3863.0,3.080407042587309,0.0,0
3864.0,3.0806019957709108,0.0,0
3865.0,3.0807950091379244,0.0,0
3866.0,3.080986101989848,0.0,0
3867.0,3.081175293436125,0.0,0
3868.0,3.081362602396059,0.0,0
3869.0,3.081548047600701,0.0,0
3870.0,3.0817316475947267,0.0,0
3871.0,3.081913420738288,0.0,0
3872.0,3.0820933852088506,0.0,0
3873.0,3.0822715590030123,0.0,0
3874.0,3.0824479599383,0.0,0
3875.0,3.0826226056549553,0.0,0
3876.0,3.082795513617695,0.0,0
3877.0,3.082966701117459,0.0,0
3878.0,3.0831361852731405,0.0,0
3879.0,3.083303983033296,0.0,0
3880.0,3.0834701111778413,0.0,0
3881.0,3.0836345863197296,0.0,0
3882.0,3.083797424906612,0.0,0
3883.0,3.083958643222483,0.0,0
3884.0,3.084118257389308,0.0,0
3885.0,3.084276283368637,0.0,0
3886.0,3.0844327369632003,0.0,0
3887.0,3.084587633818487,0.0,0
3888.0,3.0847409894243114,0.0,0
3889.0,3.084892819116363,0.0,0
3890.0,3.0850431380777366,0.0,0
3891.0,3.085191961340454,0.0,0
3892.0,3.085339303786965,0.0,0
3893.0,3.085485180151638,0.0,0
3894.0,3.0856296050222296,0.0,0
3895.0,3.085772592841349,0.0,0
3896.0,3.0859141579078955,0.0,0
3897.0,3.086054314378495,0.0,0
3898.0,3.086193076268911,0.0,0
3899.0,3.0863304574554475,0.0,0
3900.0,3.0864664716763386,0.0,0
3901.0,3.0866011325331195,0.0,0
3902.0,3.086734453491988,0.0,0
3903.0,3.086866447885151,0.0,0
3904.0,3.0869971289121576,0.0,0
3905.0,3.0871265096412195,0.0,0
3906.0,3.087254603010518,0.0,0
3907.0,3.087381421829496,0.0,0
3908.0,3.0875069787801417,0.0,0
3909.0,3.0876312864182545,0.0,0
3910.0,3.0877543571747017,0.0,0
3911.0,3.087876203356662,0.0,0
3912.0,3.087996837148854,0.0,0
3913.0,3.088116270614759,0.0,0
3914.0,3.088234515697822,0.0,0
3915.0,3.08835158422265,0.0,0
3916.0,3.0884674878961937,0.0,0
3917.0,3.0885822383089163,0.0,0
3918.0,3.088695846935955,0.0,0
3919.0,3.088808325138267,0.0,0
3920.0,3.0889196841637667,0.0,0
3921.0,3.089029935148449,0.0,0
3922.0,3.0891390891175043,0.0,0
3923.0,3.0892471569864206,0.0,0
3924.0,3.089354149562075,0.0,0
3925.0,3.0894600775438135,0.0,0
3926.0,3.0895649515245234,0.0,0
3927.0,3.08966878199169,0.0,0
3928.0,3.0897715793284464,0.0,0
3929.0,3.0898733538146117,0.0,0
3930.0,3.0899741156277196,0.0,0
3931.0,3.0900738748440353,0.0,0
3932.0,3.090172641439564,0.0,0
3933.0,3.0902704252910467,0.0,0
3934.0,3.0903672361769505,0.0,0
3935.0,3.0904630837784453,0.0,0
3936.0,3.09055797768037,0.0,0
3937.0,3.090651927372194,0.0,0
3938.0,3.090744942248966,0.0,0
3939.0,3.0908370316122493,0.0,0
3940.0,3.0909282046710587,0.0,0
3941.0,3.0910184705427755,0.0,0
3942.0,3.0911078382540613,0.0,0
3943.0,3.0911963167417627,0.0,0
3944.0,3.091283914853802,0.0,0
3945.0,3.091370641350063,0.0,0
3946.0,3.091456504903268,0.0,0
3947.0,3.0915415140998435,0.0,0
3948.0,3.0916256774407804,0.0,0
3949.0,3.0917090033424826,0.0,0
3950.0,3.09179150013761,0.0,0
3951.0,3.091873176075911,0.0,0
3952.0,3.0919540393250466,0.0,0
3953.0,3.09203409797141,0.0,0
3954.0,3.0921133600209325,0.0,0
3955.0,3.092191833399885,0.0,0
3956.0,3.09226952595567,0.0,0
3957.0,3.092346445457609,0.0,0
3958.0,3.0924225995977155,0.0,0
3959.0,3.0924979959914674,0.0,0
3960.0,3.0925726421785664,0.0,0
3961.0,3.0926465456236945,0.0,0
3962.0,3.0927197137172566,0.0,0
3963.0,3.0927921537761236,0.0,0
3964.0,3.0928638730443616,0.0,0
3965.0,3.0929348786939572,0.0,0
3966.0,3.0930051778255345,0.0,0
3967.0,3.0930747774690652,0.0,0
3968.0,3.093143684584572,0.0,0
3969.0,3.093211906062824,0.0,0
3970.0,3.093279448726025,0.0,0
3971.0,3.0933463193284982,0.0,0
3972.0,3.0934125245573596,0.0,0
3973.0,3.093478071033187,0.0,0
3974.0,3.093542965310683,0.0,0
3975.0,3.0936072138793294,0.0,0
3976.0,3.093670823164036,0.0,0
3977.0,3.0937337995257845,0.0,0
3978.0,3.093796149262264,0.0,0
3979.0,3.0938578786085,0.0,0
3980.0,3.093918993737478,0.0,0
3981.0,3.0939795007607627,0.0,0
3982.0,3.094039405729106,0.0,0
3983.0,3.094098714633055,0.0,0
3984.0,3.09415743340355,0.0,0
3985.0,3.0942155679125163,0.0,0
3986.0,3.094273123973453,0.0,0
3987.0,3.0943301073420155,0.0,0
3988.0,3.0943865237165866,0.0,0
3989.0,3.0944423787388518,0.0,0
3990.0,3.0944976779943594,0.0,0
3991.0,3.094552427013081,0.0,0
3992.0,3.0946066312699645,0.0,0
3993.0,3.0946602961854803,0.0,0
3994.0,3.094713427126165,0.0,0
3995.0,3.094766029405157,0.0,0
3996.0,3.0948181082827273,0.0,0
3997.0,3.0948696689668083,0.0,0
3998.0,3.09492071661351,0.0,0
3999.0,3.094971256327641,0.0,0
4000.0,3.0950212931632137,0.0,0
